Accession,Species,Family,Country,Host,Sequence,Virus,Host_agg,Human,Coverage,Best_Family,Prediction,Prediction_Score
XQO95263,Alphapapillomavirus 7,Papillomaviridae,Mexico,Homo sapiens,MALWRSSDNKVYLPPPSVAKVVSTDDYVTRTSIFYHAGSSRLLTVGHPYFKVPKGGNGRQDVPKVSAYQYRVFRVNLPDPNKFGLPDNTVYDPNSQRLVWACVGVEIGRGQPLGVGLSGHPFYNKLDDTENSHVASAVDNKDTRDNVSVDYKQTQLCIIGCVPAIGEHWTKGTACKPNTVVQGDCPPLELINTPIEDGDMVDTGYGAMDFKLLQDTKSEVPLDICQSICKYPDYLQMSADAYGDSMFFCLRREQVFARHFWNRSGTMGDQIPESLYIKGTDIRATPGSYLYSPSPSGSVVTSDSQLFNKPYWLHKAQGLNNGICWHNQLFLTVVDTTRSTNLSVCASTTSSIPNVYTPTSFKEYARHVEEFDLQFIFQLCKITLTTEVMSYIHNMNTTILEDWNFGVTPPPTASLVDTYRFVQSAAVTCQKDTAPPVKQDPYDKLKFWTVDLKERFSADLDQFPLGRKFLLQLGARPKPTIGPRKRAAPAPTSTPSPKRVKRRKSSRK,human papillomavirus 59,human,1,0.706692913,Papillomaviridae,1,0.847382147
XUE05138,Morbillivirus hominis,Paramyxoviridae,USA,Homo sapiens,MSPQRDRINAFYKDNPHPKGSRIVINREHLMIDRPYVLLAVLFVMFLSLIGLLAIAGIRLHRAAIYTAEIHKSLSTNLDVTNSIEHQVKDVLTPLFKIIGDEVGLRTPQRFTDLVKFISDKIKFLNPDREYDFRDLTWCINPPERIKLDYDQYCADVAAEELMNALVNSTLLEAKATNQFLAVSKGNCSGPTTIRGQFSNMSLSLLDLYLSRGYNVSSIVTMTSQGMYGGTYLVEKPNLSSKESELSQLSMHRVFEVGVIRNPGLGIPVFHMTNYFEQPVSNDFSNCMVALGELKFAALCHREDSITIPYQGSGKGVSFQLVKLGVWKSPTDMQSWVPLSTDDPVIDRLYLSSHRGVIADNQAKWAVPTTRTDDKLRMETCFQQACKGKIQALCENPEWTPLKDNRIPSYGLLSVDLSLTVELKIKIASGFGPLITHGSGMDLYKSNHNNMYWLTIPPMKNLALGVINTLEWIPRFKVSPNLFTVPIKEAGEDCHAPTYLPAEVDGDVKLSSNLVILPGQDLQYVLATYDTSRVEHAVVYYVYSPSRSFSYFYPFRLPIKGVPIELQVECFTWDQKLWCRHFCVLADSESGGHITHSGMVGMGVSCTATREDGTNRR,Measles virus genotype D8,human,1,0.959481361,Paramyxoviridae,1,0.846773724
XBP46923,Morbillivirus hominis,Paramyxoviridae,Australia,Homo sapiens,MSPQRDRINAFYKDNPHPKGSRIVINREHLMIDRPYVLLAVLFVMFLSLIGLLAIAGIRLHRAAIYTAEIHKSLSTNLDVTNSIEHQVKDVLTPLFKIIGDEVGLRTPQRFTDLVKFISDKIKFLNPDREYDFRDLTWCINPPERIKLDYDQYCADVAAEELMNALVNSTLLEARATNQFLAVSKGNCSGPTTIRGQFSNMSLSLLDLYLSRGYNVSSIVTMTSQGMYGGTYLVEKPNLSSKESELSQLSMHRVFEVGVIRNPGLGVPVFHMTNYFEQPVSNDFSNCMVALGELKFAALCHREDSITIPYQGSGKGVSFQLVKLGVWKSPTDMQSWVPLSADDPVIDRLYLSSHRGVIADNQAKWAVPTTRTDDKLRMETCFQQACKGKIQALCENPEWTPLKDNRIPSYGVLSVDLSLTVELKIKIASGFGPLITHGSGMDLYKSNHNNMYWLTIPPMKNLALGVINTLEWIPRFKVSPNLFTVPIKEAGEDCHAPTYLPAEVDGDVKLSSNLVILPGQDLQYVLATYDTSRVEHAVVYYVYSPSRSFSYFYPFRLPIKGVPIELQVECFTWDQKLWCRHFCVLADSESGGHITHSGMVGMGVSCTATREDGTNRR,Measles virus genotype D8,human,1,0.959481361,Paramyxoviridae,1,0.846763801
XUE05130,Morbillivirus hominis,Paramyxoviridae,USA,Homo sapiens,MSPQRDRINAFYKDNPYPKGSRIVINREHLMIDRPYVLLAVLFVMFLSLIGLLAIAGIRLHRAAIYTAEIHKSLSTNLDVTNSIEHQVKDVLTPLFKIIGDEVGLRTPQRFTDLVKFISDKIKFLNPDREYDFRDLTWCINPPERIKLDYDQYCADVAAEELMNALVNSTLQETRTTTQFLAVSKGNCSGPTTIRGQFSNMSLSLLDLYLGRGYNVSSIITMTSQGMYGGTYLVEKPNLNSKGSELSQLSMYRVFEVGVIRNPGLGAPVFHMTNYFEQPVSNGLGNCMVALGELKLAALCHGDDSIIIPYQGSGKGVSFQLVKLGVWKSPTDMQSWVPLSTDDPVVDRLYLSSHRGVIADNQANWAVPTTRTDDKLRMETCFQQACKGKIQALCENPEWVPLKDNRIPSYGVLSVDLSLTVELKIKITSGFGPLITHGSGMDLYKSNRNNVYWLTIPPMRNLALGVINTLEWIPRFKVSPNLFTVPIKEAGEDCHAPTYLPAEVDGDVKLSSNLVILPGQDLQYVLATYDTSRVEHAVVYYVYSPSRSFSYFYPFRLPIKGVPIELQVECFTWDQKLWCRHFCVLADSESGGRITHSGMVGMGVSCTATREGGTNRR,Measles virus genotype B3,human,1,0.943273906,Paramyxoviridae,1,0.84651903
XCI54738,Orthopneumovirus hominis,Pneumoviridae,USA,Homo sapiens,MSKTKDQRTAKTLERTWDTLNHLLFISSCLYKLNLKSIAQITLSILAMIISTSLIITAIIFIASANHKVTLTTAIIQDATNQIKNTTPTYLTQNPQLGINFSNLSGTTSQSTIILASTTPSAESTPQSTTVKIKNTTTTQISPSKPTTKQRQNKPQNKPNNDFHFEVFNFVPCSICSNNPTCWAICKRIPNKKPGKKTTTKPTKKPTLKTTKKDPKPQTTKPKVVLTTKPTGKPTINTTKTNIRTTLLTSNTKGNPEHTSQEETLHSTTSEGYPSPSQVYTTSGQEETLHSTTPEGYPSPSQVHTTSEYLSQSLSSSNIAK,Human respiratory syncytial virus A,human,1,0.218068536,Pneumoviridae,1,0.840038096
XUD99398,Orthopneumovirus hominis,Pneumoviridae,USA,Homo sapiens,MSKNKNQRTARTLEKTWDTLNHLIVISSCLYKLNLKSIAQIALSVLAMIISTSLIIAAIIFIISANHKVTLTTVTVQTIKNHTEKNITTYLTQVSPERVGPSKQPTATPPIHTNSTTISPNTKSETHHTTAQTKGTTSTPTQNNKPSTKPRPKNPPKKDDYHFEVFNFVPCSICGNNQLCKSICKTIPSNKPKKKPTTKPTNKPPTKTTNKRDSKTLAKTLRKETTINPTKKPTPKTTERDTSTPQSTVLDTTISKHTERDTSTSQSTVLDTTTPKHTTQQQSLHTTIPENTPNSTQTPTASEPSTSNSI,Human respiratory syncytial virus B,human,1,0.267741935,Pneumoviridae,1,0.837489985
XCI54727,Orthopneumovirus hominis,Pneumoviridae,USA,Homo sapiens,MSKNKNQRTARTLEKTWDTLNHLIVISSCLYKLNLKSIAQIALSVLAMIISTSLIIAAIIFIISANHKVTLTTVTVQTIKNHTEKNITTYLTQVSPERVGPSIQPTATPPIHTSSATISPNTKSETHHTTAQTKGTTSTPTQNNKPSTKPRPKNPPKKDDYHFEVFNFVPCSICGNNQLCKSICKTIPSNKPKKKPTTKPTNKPPTKTTNKRDSKTLAKTLKKETTINPTKKPTPKTTERNTSTPQSTVLDTTTSKHTERDTSTSQSAALDTTTPKHTTQQQSLHSTIPENTPNSTQTPTASEPSTSNSI,Human respiratory syncytial virus B,human,1,0.267741935,Pneumoviridae,1,0.837489985
XPD11794,Metapneumovirus hominis,Pneumoviridae,Brazil,Homo sapiens,MEVRVENIRAIDMFKAKMKNRIRSSKCYRNATLILIGLTALSMALNIFLIIDYAKLKNMTKVELCVNMPPSEPSKKTPMTSAVDSNTKLNPQQATQPTTEDSTSPAATSENHLHTETTPTLDATISQQATDEHTTPPKSINRQTTQTTTKKKPTGATTKKEKETTTQTTSTAATQAPNTTNQTSNRRETTTTSARSRNSATTQNSSQTTQAADPSSRPYHTLKSTTTAYNADISSLSS,human metapneumovirus,human,1,0.050420168,Pneumoviridae,1,0.833351608
XQQ58813,Orthorubulavirus mammalis,Paramyxoviridae,China,Sus scrofa,MVAEDAPVRGTCRVLFRTTTLIFLCTLLALSISILYESLITQKQIMSQAGSTGSNSRLGSITDLLNNILSVANQIIYNSAVALPLQLDTLESTLLTAIKSLQTSDKLEQNCSWGAALINDNRYINGINQFYFSIAEGRKLTLGPLLNIPSFIPTATTPEGCTRIPSFSLTKTHWCYTHNVILNGCQDHVSSNQFVSMGIIEPTSAGFPSLRTLKTLYLSDGVNRKSCSISTVPGGCMMYCFVSTQPERDDYFSTAPPEQRIIIMYYNDTIVERIINPPGVLDVWATLTPGTGSGVYYLGWVLFPIYGGVIKDTSLWNNQANKYFIPQMVAALCSQNQATQVQNAKSSYYSSWFGNRMIQSGILACPLQQDLTNECLVLPFSNDQVLMGAEGRLYMYGDSVYYYQRSNSWWPMTMLYKVTITFTNGQPSAISAQNVPTQQVPRPGTGSCSATNRCPGFCLKGVYADAWLLTNPSSTSTFGSEATFTGSYLNAATQRINPTMYIANNTQIISSQQFGSSGQEAAYGHTTCFRDTGSVMVYCIYIIELSSSLLGQFQIVPFIRQVTLS,Mammalian orthorubulavirus 5,Wild Boar,0,0.150442478,Paramyxoviridae,1,0.831287867
XFA11826,Enzootic nasal tumour virus 2,Retroviridae,China,Capra hircus,MFVFFRRMPKHRVGYRKGWYARQRNSLTHQMRRMTLSEPTSELPTQRQIEALMRHAWNEAHVQPPVTPSNILIMLLLLLQRMQNGEAAAFWAYIPDPPMIQSLGWDKEVVPVYANDTSLLGGKSDSHISPQQANISFYGLTTQYPMCFSYQLQHPHCIQVSADISYPRVTISGIDEKTGHKSYRDGTGPLDIPFCDKNLSIGIGIDTPWTLCRARVASVYNINNANTTFLWDWAPGGTPDFPEYRGQHPPILSVNTAPIFQTELWKLLAAFGHGNSLYLQSNSSGSKYGDVGVTGFLYPRACVPYPFMLIQGHLEITLSLNIYHLNCSNCILTNCIRGVAKGEQVIIVKQPAFVMLPVEITEEWYDETALELLQRINTALSRKERSVSLIILGIVYIITLIATAVTASVSLAQSIQAAHTVDSLSYNVTKVMGTQEDIDRKIEDRLSALYDVVRVLGEQVQSISFRMKIQCHANYKWICVTKKAYNASDFPWDKVKKHLQGIWFNTNVSLDLLQLHNEILNIENSPKATLNIADTVDNFLQNLFSNFPSLHSLWRNIIAVGAVLTVVLILICLAPCLIRSIVKEFLHMRAEFLYMKYRNMLQHRHLMELLKNKERGAAGDCP,Enzootic nasal tumour virus 2,Goat,0,0.009646302,Orthomyxoviridae,1,0.827491894
XPD11785,Metapneumovirus hominis,Pneumoviridae,Brazil,Homo sapiens,MEVKVENIRAIDMLKARVKNRVARSKCFRNASLILIGITAMSIALNIYLIINYTIQKTASESEHHTSSPPTESNKETSTIPIDNPDINPSSQLPTQQSTESLTLNSAASVSPSETEPTSTSNTTDRLSSVDRSTTQSSESRTKTNSTANRRNIPSTVSRTQFPSRATTKAAPRATTLRTSSTRKRPSTASVQPDISATTHKNEEASSASPQTSASTTRIQRKSVEANTSTTYNQTS,human metapneumovirus,human,1,0.415254237,Pneumoviridae,1,0.827299132
XPD11776,Metapneumovirus hominis,Pneumoviridae,Brazil,Homo sapiens,MEVKVENIRAIDMLKARVKNRVARSKCFKNASLILIGITTLSIALNIYLIINYTIQKTTSETEHHTSSTPTESLKETSTIPLYNPDINPNSQHPTQQSTESFTLYPASSVSSSETEPTSTPGTTNRLSFVDRSTTQPSGNRTKTNSTVHKKTIPNTTSRTQSPPQTTTKAVLSTTAFRTSSTRKRPSTASVQPDISATTHKNEEASSASPQTSASTTRIQRKSVEANTSTTYNQTS,human metapneumovirus,human,1,0.368644068,Pneumoviridae,1,0.826797008
XRQ53904,Murine coronavirus,Coronaviridae,USA,Mus musculus,MLFVFILLLPSCLGYIGDFRCINLVNTDTSNASAPSVSTEVVDVSKGIGTYYVLDRVYLNATLLLTGYYPVDGSNYRNLALTGTNTLSLNWYKPPFLSEFNDGIFAKVKNLKASLPRDSVSYFPTIVIGSNFVNTSYTVVLEPYNGIIMASICQYTICQLPYTDCKPNTGGNKLIGFWHTDIKPPVCILKRNFTFNVNAEWLYFHFYQQGGTFYAYYADVSSATTFLFSMYIGDVLTQYFVLPFMCTPTTSGVFSPQYWVTPLVKRQYLFNFNQRGVITSAVDCASSYTSEIKCKTQSMNPSTGVYDLTGYTVQPVGLVYRRVRNLPDCKIEDWLTAKTVPSPLNWERKTFQNCNFNLSSLLRFVQAESLSCSNIDASKVYGMCFGSVSIDKFAIPNRRRVDLQLGNSGFLQSFNYKIDTRATSCQLYYSLAQNNVTVNNHNPSSWNRRYGFNDVATFGSGKHDVAYAEACFTVGNEYCPCANPSIVSPCTQDKPKAANCPVGTRNRECNPLXLGSNLFKCDCTCNPSPLTTYDLRCLQARSMLGVGDHCEGLGVLEDKCGGSNTCNCSADAFVGWAKDSCLSNGRCHIFGNLILNGINSGTTCSTDLQLPNTEVVTGVCVKYDLYGITGQGVFKEVKADYYNSWQNLLYDVNGNLMGFRDIVTNKTYLIRSCYSGRVSAAYHQDAPEPALLYRNLKCDYVFNNNISREETPLNYFDSYLGCVVNADNSTEQSVGACDLRMGSGLCVNYSTAHRARRSVSTGYKLTTFEPFTVSIVNDSVESVGGLYEMQIPTNFTIASHQEFIQTRSPKVTIDCAAFVCGDYTACRQQLIEYGSFCDNINAILGEVNNLIDTMQLQVASALIQGVTLSSRLADGISGQIDDINFSPLLGCLGSQCSEGTMAAQGRSTIEDLLFDKVKLSDVGFVEAYNNCTGGQEVRDLLCVQSFNGIKVLPPVLSENQISGYTAGATASSMFPPWSAAAGVPFSLSVQYRINGLGVTMNVLSENQKMIASAFNNAIGAIQEGFDATNSALAKIQSVVNANAEALNNLLNQLSNRFGAISASLQEILSRLDALEAQAQIDRLINGRLTALNAYVSKQLSDMTLIKVSAAQAMEKVNECVKSQSPRINFCGNGNHILSLVQNAPYGLYFIHFSYVPTSFTTANVSPGLCISGDRGLAPKAGYFVQDDGEWKFTGSSYYYPEPITDKNSVVMSSCAVNYTKAPEVFLNTSTPNLPDFKEELDKWFKNQTSVAPDLSLDXEKLNVTFLDLSDEMNRIQEAIKKLNESYINLKEIGTYEMYVKWPWYVWLLIGLAGVAVCVLLFFICCCTGCGSCCFRKCGNCCDEYGGRQEGIVIHNISSHED,Murine hepatitis virus,Rodent,0,0.409992652,Coronaviridae,1,0.809876761
XLL09882,Betacoronavirus 1,Coronaviridae,China,Canis lupus familiaris,MFLILLISLPMAFAVIGDFKCTTDSINNVDTGAPSISTDVVDVTNGLGTYYVLDRVYLNTTLLLNGYYPTSGSMYRNMALKGTLLLSTLWFKPPFRSDFIDGVFAKVKNTKVIKDGVVYSEFPAITIGSTFVNTSYSVVVQPHTTNLDNKLQGLLEISVCQYTMCDYPHTMCHPNLGNKRIELWHWDTGVVSCLYKRNFTYDVNADYLYFHFYQEGGTFYAYFTDTGVVTKFLFHVYLGTVLSHYYVMPLTCNSVMTLEYWVTPLTFKQYLLAFNQDGVIVNAVDCKSDFMSEIKCKTLSIAPSTGVYELNGYTVQPIADVYRRIPNLPDCNIEAWLNDKSVPSPLNWERKTFSNCNFNMSSLMSFIQADSFTCNNIDAAKIYGMCFSSITIDKFAIPNGRKVDLQIGNLGYLQSFNYRIDTTAISCQLYYNLPAGNVSISRFNPSIWNRRFGFTEQSVFKPQPAGVFTDHDVVYAQHCFKAPTNFCPCKLNGSLCVGSGSGIDAGYKNSGIGTCPAGTNYLTCYNANQCDCLCTPDPILSKSTGPYKCPQTKHLVGIGEHCSGLAIKSDYCGGNPCTCQPKAFLGWSVDSCLQGDRCNIFANFILHGVNSGTTCSTDLQKSNTDIILGVCVNYDLYGITGQGIFVEVNATYYNSWQNLLYDSNGNLYGFRDYLTNRTFMIRSCYSGRVSAAFHSNSSEPALLFRNIKCNYVFNNTLSRQLQPINYFDSYLGCVVNADNSTSISVQTCDLTVGSGYCVDYSTKRRSRRSITTGYRFTNFEPFTVNSVNDSLQPVGGLYEIQIPSEFTIGNMQEFIQTSSPKVTIDCSVFVCGDYAACKSQLVEYGSFCDNINAILTEVNELLDTTQLQVANSLMNGVTLSTKLKDGFNFNVDDINFSPVLGCLGSECNKVSSRSAIEDLLFSKVKLSDVGFVDAYNNCTGGAEIRDLICVQSYNGIKVLPPLLSESQISGYTAAATFASLFPPWSAAAGVPFYLNVQYRINGIGVTMDVLSQNQKLISNAFNNALDAIQEGFDATNSALVKIQAVVNANAEALNNLLQQLSNRFGAISASLQEILSRLDALEAQAQIDRLINGRLTALNAYVSQQLSDSTLVKFSAAQAMEKVNECVKSQSSRINFCGNGNHIISLVQNAPYGLYFIHFSYVPTKYVTAKVSPGLCIAGDRGIAPKSGYFVNVNNTWMFTGSGYYYPEPITGNNVVVMSTCAVNYTKAPDVMLNISTPNLPDFKEELDQWFKNQTLMAPDLSLDYINVTFLDLQDEMNRLQEAIKVLNHSYINLKDIGTYEYYVKWPWYVWLLIGLAGVAMLVLLFFICCCTGCGTSCFKKCGGCCDDYTGHQELVIKTLHDD,Canine respiratory coronavirus,Dog,0,0.829787234,Coronaviridae,1,0.807616254
XLL09870,Betacoronavirus 1,Coronaviridae,China,Canis lupus familiaris,MFLILLISLPMAFAVIGDFKCTTDSINNVDTGAPSVSTDVVDVTNGLGTYYVLDRVYLNTTLLLNGYYPTSGSMYRNMALKGTLLLSTLWFKPPFRSDFIDGVFAKVKNTKVIKDGVVYSEFPAITIGSTFVNTSYSVVVQPHTTNLDNKLQGLLEISVCQYTMCDYPHTMCHPNLGNKRIELWHWDTGVVSCLYKRNFTYDVNADYLYFHFYQEGGTFYAYFTDTGVVTKFLFHVYLGTVLSHYYVMPLTCNSVMTLEYWVTPLTFKQYLLAFNQDGVIVNAVDCKSDFMSEIKCKTLSIAPSTGVYELNGYTVQPIADVYRRIPNLPDCNIEAWLNDKSVPSPLNWERKTFSNCNFNMSSLMSFIQADSFTCNNIDAAKIYGMCFSSITIDKFAIPNGRKVDLQIGNLGYLQSFNYRIDTTVTSCQLYYNLPAGNVSISRFNPSIWNRRFGFTEQSVFKPQPAGVFTDHDVVYAQHCFKAPTNFCPCKLNGSLCVGTGSGIDAGYKNTGIGTCPAGTNYLTCYNANQCDCLCTPDPILSKSTGPYKCPQTKHLVGIGEHCSGLAIKSDYCGGNPCTCQPKAFLGWSVDSCLQGDRCNIFANFILHGVNSGTTCSTDLQKSNTDIILGVCVNYDLYGITGQGIFVEVNATYYNSWQNLLYDSNGNLYGFRDYLTNRTFMIRSCYSGRVSAAFHSNSSEPALLFRNIKCNYVFNNTLSRQLQPINYFDSYLGCVVNADNSTSISVQTCDLTVGSGYCVDYSTKRRSRRSITTGYRFTNFEPFTVNSVNDSLQPVGGLYEIQIPSEFTIGNMQEFIQTSSPKVTIDCSVFVCGDYAACKSQLVEYGSFCDNINAILTEVNELLDTTQLQVANSLMNGVTLSTKLKDGFNFNVDDINFSPVLGCLGSECNKVSSRSAIEDLLFSKVKLSDVGFVDAYNNCTGGAEIRDLICVQSYNGIKVLPPLLSESQISGYTAAATFASLFPPWSAAAGVPFYLNVQYRINGIGVTMDVLSQNQKLISNAFNNALDAIQEGFDATNSALVKIQAVVNANAEALNNLLQQLSNRFGAISASLQEILSRLDALEAQAQIDRLINGRLTALNAYVSQQLSDSTLVKFSAAQAMEKVNECVKSQSSRINFCGNGNHIISLVQNAPYGLYFIHFSYVPTKYVTAKVSPGLCIAGDRGIAPKSGYFVNVNNTWMFTGSGYYYPEPITGNNVVVMSTCAVNYTKAPDVMLNISTPNLPDFKEELDQWFKNQTLMAPDLSLDYINVTFLDLQDEMNRLQEAIKVLNHSYINLKDIGTYEYYVKWPWYVWLLIGLAGVAMLVLLFFICCCTGCGTSCFKKCGGCCDDYTGHQELVIKTLHDD,Canine respiratory coronavirus,Dog,0,0.829787234,Coronaviridae,1,0.807534818
XLL09894,Betacoronavirus 1,Coronaviridae,China,Canis lupus familiaris,MFLILLISLPMAFAVIGDFKCTTDSINNVDTGAPSVSTDVVDVTNGLGTYYVLDRVYLNTTLLLNGYYPTSGSMYRNMALKGTLLLSTLWFKPPFRSDFIDGVFAKVKNTKVIKDGVVYSEFPAITIGSTFLNTSYSVVVQPHTTNLDNKLQGLLEISVCQYTMCDYPHTMCHPNLGNKRIELWHWDTGVVSCLYKRNFTYDVNADYLYFHFYQEGGTFYAYFTDTGVVTKFLFHVYLGTVLSHYYVMPLTCNSVMTLEYWVTPLTFKQYLLAFNQDGVIVNAVDCKSDFMSEIKCKTLSIAPSTGVYELNGYTVQPIADVYRRIPNLPDCNIEAWLNDKSVPSPLNWERKTFSNCNFNMSSLMSFIQADSFTCNNIDAAKIYGMCFSSITIDKFAIPNGRKVDLQIGNLGYLQSFNYRIDTTATSCQLYYNLPAGNVSISRFNPSIWNRRFGFTEQSVFKPQPAGVFTDHDVVYAQHCFKAPTNFCPCKLNGSLCVGTGSGIDAGYKNTGIGTCPAGTNYLTCYNANQCDCLCTPDPILSKSTGPYKCPQTKHLVGIGEHCSGLAIKSDYCGGNPCTCQPKAFLGWSVDSCLQGDRCNIFANFILHGVNSGTTCSTDLQKSNTDIILGVCVNYDLYGITGQGIFVEVNATYYNSWQNLLYDSNGNLYGFRDYLTNRTFMIRSCYSGRVSAAFHSNSSEPALLFRNIKCNYVFNNTLSRQLQPINYFDSYLGCVVNADNSTSISVQTCDLTVGSGYCVDYSTKRRSRRSITTGYRFTNFEPFTVNSVNDSLQPVGGLYEIQIPSEFTIGNMQEFIQTSSPKVTIDCSVFVCGDYAACKSQLVEYGSFCDNINAILTEVNELLDTTQLQVANSLMNGVTLSTKLKDGFNFNVDDINFSPVLGCLGSECNKVSSRSAIEDLLFSKVKLSDVGFVDAYNNCTGGAEIRDLICVQSYNGIKVLPPLLSESQISGYTAAATFASLFPPWSAAAGVPFYLNVQYRINGIGVTMDVLSQNQKLISNAFNNALDAIQEGFDATNSALVKIQAVVNANAEALNNLLQQLSNRFGAISASLQEILSRLDALEAQAQIDRLINGRLTALNAYVSQQLSDSTLVKFSAAQAMEKVNECVKSQSSRINFCGNGNHIISLVQNAPYGLYFIHFSYVPTKYVTAKVSPGLCIAGDRGIAPKSGYFVNVNNTWMFTGSGYYYPEPITGNNVVVMSTCAVNYTKAPDVMLNISTPNLPDFKEELDQWFKNQTLMAPDLSLDYINVTFLDLQDEMNRLQEAIKVLNHSYINLKDIGTYEYYVKWPWYVWLLIGLAGVAMLVLLFFICCCTGCGTSCFKKCGGCCDDYTGHQELVIKTLHDD,Canine respiratory coronavirus,Dog,0,0.829787234,Coronaviridae,1,0.807504387
XLL09918,Betacoronavirus 1,Coronaviridae,China,Canis lupus familiaris,MFLILLISLPMAFAVIGDFKCTTDSINNVDTGAPSVSTDVVDVTNGLGTYYVLDRVYLNTTLLLNGYYPTSGSKYRNMALKGTLLLSTLWFKPPFRSDFIDGVFAKVKNTKVIKDGVVYSEFPAITIGSTFVNTSYSVVVQPHTTNLDNKLQGLLEISVCQYTMCDYPHTMCHPNLGNKRIELWHWDTGVVSCLYKRNFTYDVNADYLYFHFYQEGGTFYAYFTDTGVVTKFLFHVYLGTVLSHYYVMPLTCNSVMTLEYWVTPLTFKQYLLAFNQDGVIVNAVDCKSDFMSEIKCKTLSIAPSTGVYELNGYTVQPIADVYRRIPNLPDCNIEAWLNDKSVPSPLNWERKTFSNCNFNMSSLMSFIQADSFTCNNIDAAKIYGMCFSSITIDKFAIPNGRKVDLQIGNLGYLQSFNYRIDTTATSCQLYYNLPAGNVSISRFNPSIWNRRFGFTEQSVFKPQPAGVFTDHDVVYAQHCFKAPTNFCPCKLNGSLCVGSGSGIDAGYKNSGIGTCPAGTNYLTCYNANQCDCLCTPDPILSKSTGPYKCPQTKHLVGIGEHCSGLAIKSDYCGGNPCTCQPKAFLGWSVDSCLQGDRCNIFANFILHGVNSGTTCSTDLQKSNTDIILGVCVNYDLYGITGQGIFVEVNATYYNSWQNLLYDSNGNLYGFRDYLTNRTFMIRSCYSGRVSAAFHSNSSEPALLFRNIKCNYVFNNTLSRQLQPINYFDSYLGCVVNADNSTSISVQTCDLTVGSGYCVDYSTKRRSRRSITTGYRFTNFEPFTVNSVNDSLQPVGGLYEIQIPSEFTIGNMQEFIQTSSPKVTIDCSVFVCGDYAACKSQLVEYGSFCDNINAILTEVNELLDTTQLQVANSLMNGVTLSTKLKDGFNFNVDDINFSPVLGCLGSECNKVSSRSAIEDLLFSKVKLSDVGFVDAYNNCTGGAEIRDLICVQSYNGIKVLPPLLSESQISGYIVAATFASLFPPWSAAAGVPFYLNVQYRINGIGVTMDVLSQNQKLISNAFNNALDAIQEGFDATNSALVKIQAVVNANAEALNNLLQQLSNRFGAISASLQEILSRLDALEAQAQIDRLINGRLTALNAYVSQQLSDSTLVKFSAAQAMEKVNECVKSQSSRINFCGNGNHIISLVQNAPYGLYFIHFSYVPTKYVTAKVSPGLCIAGDRGIAPKSGYFVNVNNTWMFTGSGYYYPEPITGNNVVVMSTCAVNYTKAPDVMLNISTPNLPDFKEELDQWFKNQTLMAPDLSLDYINVTFLDLQDEMNRLQEAIKVLNHSYINLKDIGTYEYYVKWPWYVWLLIGLAGVAMLVLLFFICCCTGCGTSCFKKCGGCCDDYTGHQELVIKTLHDD,Canine respiratory coronavirus,Dog,0,0.826118855,Coronaviridae,1,0.807453356
XLL09906,Betacoronavirus 1,Coronaviridae,China,Canis lupus familiaris,MFLILLISLPMAFAVIGDFKCTTDSINNVDTGAPSVSTDVVDVTNGLGTYYVLDRVYLNTTLLLNGYYPTSGSMYRNMALKGTLLLSTLWFKPPFRSDFIDGVFAKVKNTKVIKDGVVYSEFPAITIGSTFLNTSYSVVVQPHTTNLDNKLQGLLEISVCQYTMCDYPHTMCHPNLGNKRIELWHWDTGVVSCLYKRNFTYDVNADYLYFHFYQEGGTFYAYFTDTGVVTKFLFHVYLGTVLSHYYVMPLTCNSVMTLEYWVTPLTFKQYLLAFNQDGVIVNAVDCKSDFMSEIKCKTLSIAPSTGVYELNGYTVQPIADVYRRIPNLPDCNIEAWLNDKSVPSPLNWERKTFSNCNFNMSSLMSFIQADSFTCNNIDAAKIYGMCFSSITIDKFAIPNGRKVDLQIGNLGYLQSFNYRIDTTVTSCQLYYNLPAGNVSISRFNPSIWNRRFGFTEQSVFKPQPAGVFTDHDVVYAQHCFKAPTNFCPCKLNGSLCVGTGSGIDAGYKNTGIGTCPAGTNYLTCYNANQCDCLCTPDPILSKSTGPYKCPQTKHLVGIGEHCSGLAIKSDYCGGNPCTCQPKAFLGWSVDSCLQGDRCNIFANFILHGVNSGTTCSTDLQKSNTDIILGVCVNYDLYGITGQGIFVEVNATYYNSWQNLLYDSNGNLYGFRDYLTNRTFMIRSCYSGRVSAAFHSNSSEPALLFRNIKCNYVFNNTLSRQLQPINYFDSYLGCVVNADNSTSISVQTCDLTVGSGYCVDYSTKRRSRRSITTGYRFTNFEPFTVNSVNDSLQPVGGLYEIQIPSEFTIGNMQEFIQTSSPKVTIDCSVFVCGDYAACKSQLVEYGSFCDNINAILTEVNELLDTTQLQVANSLMNGVTLSTKLKDGFNFNVDDINFSPVLGCLGSECNKVSSRSAIEDLLFSKVKLSDVGFVDAYNNCTGGAEIRDLICVQSYNGIKVLPPLLSESQISGYTVAATFASLFPPWSAAAGVPFYLNVQYRINGIGVTMDVLSQNQKLISNAFNNALDAIQEGFDATNSALVKIQAVVNANAEALNNLLQQLSNRFGAISASLQEILSRLDALEAQAQIDRLINGRLTALNAYVSQQLSDSTLVKFSAAQAMEKVNECVKSQSSRINFCGNGNHIISLVQNAPYGLYFIHFSYVPTKYVTAKVSPGLCIAGDRGIAPKSGYFVNVNNTWMFTGSGYYYPEPITGNNVVVMSTCAVNYTKAPDVMLNISTPNLPDFKEELDQWFKNQTLMAPDLSLDYINVTFLDLQDEMNRLQEAIKVLNHSYINLKDIGTYEYYVKWPWYVWLLIGLAGVAMLVLLFFICCCTGCGTSCFKKCGGCCDDYTGHQELVIKTLHDD,Canine respiratory coronavirus,Dog,0,0.829053558,Coronaviridae,1,0.807386637
XPT06308,Lentivirus humimdef1,Retroviridae,China,Homo sapiens,MRVKETQMNWPNLWKWGTLILGLAIICSATDNLWVTVYYGVPVWKDAETTLFCASDAKAHETEVHNIWATHACVPTDPNPQEIPLENVTENFNMWKNNMVEQMQEDVISLWDQSLKPCVKLTPLCVILNCTNATLTNSTSVSKENCSLGNSTGKGCYNTEEVKNCSFDMTTEIIDKKKRIQALFYRLDLVQMGKDSNEYRLINCNTSVIKQACPKISFDPIPIHYCAPAGYAILKCNDKKFNGTGPCKNVSSVQCTHGIKPVVSTQLLLNGSLAEQEIVIRSENLTNNAKTIIVHLNKSVIINCTRPSNNTRTSMTIGPGQVFYRTGDIVGDIRKAHCEINGTNWFKTLKQVAEKLKEHFNKTIIFKPHSGGDLEITMHHFNCRGEFFYCNTSNLFNKIYDGNETTGESNDTNIILPCRIKQIINMWQGVGQAMYAPPISGQLNCVSNITGILLTRDGGTNSTTKTFRPEGGNIKDNWRSELYKYKVVQIEPLGIAPTRAKRRVVEREKRAVGIGAMIFGFLGAAGSTMGAASITLTVQARQLLSGIVQQQSNLLRAIEAQQHLLQLTVWGIKQLQARVLAVERYLKDQKFLGLWGCSGKFICTTAVPWNSTWSNRSFEEIWDNMTWIEWEREISNYTNKIYELLTESQDQQDRNEKDLLELDKWTSLWSWFSITNWLWYIKIFIIIVGGLIGLRIVFAVLSIVNRVRQGYSPLSLQIPTQQQREPDRPEGIEEEGGEQGRDRSVRLVSGFLALAWEDLRNLCLFSYRLLRDFSLIAARTVELLGRRSLQGLRLGWEGLKYLGNLLLYWGQELKISAISLLDATAITVAGWTDRIIEAAQTVWRAILHIPRRIRQGLERALL,Human immunodeficiency virus 1,human,1,0.006960557,Coronaviridae,1,0.788933957
XPT06001,Lentivirus humimdef1,Retroviridae,China,Homo sapiens,MKVRVTQMSWLNLWIWGTLITGLVIMCSTSDLWVTVYYGVPVWRDAETTLFCASDAKAHETEVHNVWATHACVPTDPNPQEIYMENVTENFNMWKNNMVEQMQEDVISLWDQSLQPCVKLTPLCVTLNCTDANSTQTNNTSEETKWLKNCTFNITTEIRDKKKQVHALFYRLDIVSMGNESDSNNTQYRLINCNTSVIKQACPKVSFDPIPIHYCTPAGYAIFKCNDKNFNGTGPCKNVSSVQCTHGIKPVVSTQLLLNGSLAEDEIIIRSENLTNNAKTIIVHLNETVAINCSRPNNNTRTGITIGPGQVFYRTGDIIGDIRQAYCEINETKWNDTLRQVAKKLAEHFPNKTIVFNSASGGDLEIIMHHFNCRGEFFYCNTTKLFNSTWENGNWTMGVSDTKNGTITIPCRIKQIVNMWQGTGQAMYAPPIRGPINCVSNITGILLTRDGGNNTGSTETFRPGGGNIKDNWRSELYKYKVVQLEPLGVAPTKAKRRVVEREKRAVGIGAMIFGFLGAAGSTMGTASITLTVQARQLLSGIVQQQSNLLRAIEAQQHLLQLTVWGIKQLQARLLAVERYLQDQKFLGLWGCSGKIICTTNVPWNSTWSNKSVDEIWDNMTWIQWEREISNYTTTIYDLLLKSQNQQDMNEKELLELDKWASLWNWFDITKWLWYIKIFIIIVGGIIGLRIIFAVCSLVNRVRQGYSPLSLQTPTHHQREPDRPEGIEEGGGEQGRDRSVRLVSGFLSLAWDDLRSLCLFLYRRSRDFILIAAKTVGLLGQGLRRGWEFLKYLGNILLYWVQELKTSAISLYNAVAIAVAEWTDRVIEVAQGVGRAILHIPRRIRQGFERALL,Human immunodeficiency virus 1,human,1,0.007042254,Retroviridae,1,0.645736175
XPT06036,Lentivirus humimdef1,Retroviridae,China,Homo sapiens,MRVMGTRRNYPRWWIWGILGFWMLMICKMEKRDLWVTVYYGVPVWREAKTTLFCASDARAYEREVHNIWATHACVPTDPNPQEISLGNVTENFNAWKNDMVDQMHEDVISLWDESLKPCVKLTPLCVTLKCKDATVNKTDEEADKIKNCTFNVTTELRDKVKKEYALFYRLDIVPLNNESSSNNYSSEYSLINCNTSTIRQACPKVNFDPIPIHYCAPAGYAILKCNDENFNGTGPCYNVSTVQCTHGIKPVVSTQLLLNGSLAEGEIILKSENLTDNGKTIIVHLNRSVEIICIRPNNNTRKSIRIGPGQAFYATGDIIGDIRQAYCQIDRKNWTKTLQEVVDILKGRFNVTEIIFAEHPGGDPEVLTHSFNCRGEFFYCNTSGLFNTSLLSNSTSNSTTDNSTTITIPCKIRQIVNMWQQVGRAMYAPPIAGNITCKSNITGILLTRDGGNVTSGNETRNETFRPTGGDMRNNWRNELYKYKVIEIRPLGVAPTGAKRRVVGREKRAVGIGAVFLGFLGAAGSTMGAASITLTVQARQLLSGIVQQQSNLLRAIEAQQQLLQLTVWGIKQLQTRVLAIERYLKDQQLLGIWGCSGKLICPTAVPWNSSWSNKSYHDIWDNMTWMQWDKEINNYTNTIYRLLEESQNQQEKNEQDLLALDSWESLWNWFSITKWLWYIKIFIMIVGGLIGLRIIFAVLSVVNRVRQGYSPLSFQTLTPNPREPDRLGRIEEEGGEQDRDRSIRLVSGFLSLAWDDLRNLCLFSYHRLRDLILLTARGVELLGHSLLKGLQRGWEALKYLGSLVQYWGLELKKSAINLLDIIAIAVGEGTDRIISIVQGLCRAIRNIPRRIRQGFEQALL,Human immunodeficiency virus 1,human,1,0.006976744,Retroviridae,1,0.645736175
XPT06045,Lentivirus humimdef1,Retroviridae,China,Homo sapiens,MRVKETQMNWPNLWKWGTLILGLVIICRAADNLWVTVYYGVPVWRDAETTLFCASDAKAHETEVHNVWATHACVPTDPNPQEIFLTNVTENFNMWKNNMAEQMQEDVISLWDQSLKPCVKLTPLCVTLNCTNANWTNANLTNANLTTNNNNTTIGNITEEVKNCTFNITTELNDKKKGVYALFYKLDIVQMDNSSTYRLINCNTSVIKQACPKVSFDPIPIHYCTPAGYVILKCNDKNFNGTGPCNNVSSVQCTHGIKPVVSTQLLLNGSLAEEEIIIRSENITNNVKTIIVHLNESVTINCTRPSNNIRTSIRIGPGRVFHRTGAITGDIRKAYCEINGTKWREIVHKVKRKLEGHFPNNTNITFEPPSSGGDLEITTLHFNCRGEFFYCNTTNLFNDTNIEKNNGTTILPCKIKQIIRMWQETGQAMYAPPVSGIINCVSNITGILLTRDGGANNTSNKNETFRPGGGNMKDNWRNELYKYKVVEIEPLGIAPTKAKRRVVDREKRAVGIGALIFGFLGAAGSTMGAASITLTVQARQLLSGIVQQQSNLLRAIEAQQHMLQLTVWGIKQLQARVLAVERYLKDQRLLGLWGCSGKIICTTAVPWNTSWSNKSYGEIWDNMTWREWEKEISNYTRQIYDILTESQNQQERNEKELLELDKWASLWNWFDITNWLWYIKIFIIIVGSLIGLRIIFAVLSIVRRVRQGYSPLSFQTPTLHQREPDRLEEIGEEGGEQGRDRSVRLVSGFLAIAWDDLRSLCLFLYRLLRDCILIATRTVELLGLSSLKGLRRGWEGLKYLGNLLIYWGQELKNSAISLFDATAIAVAEGTDRVIEAVQRAWRAILHIPRRIRQGLERSLQ,Human immunodeficiency virus 1,human,1,0.006976744,Retroviridae,1,0.645736175
XPT06155,Lentivirus humimdef1,Retroviridae,China,Homo sapiens,MKVKETQMNWLNWWKWGTLILGLVIMCSASDKLWVTVYYGVPVWRDANTTLFCASDAKAHETEVHNVWATHACVPTDPNPQEMHLENVTENFNMWKNNMVEQMQEDIISLWDQSLKPCVKLTPLCVTLNCTDAKWTNVTLNTSNDTSKIGNITDEVKNCTFNVTTEVIDKRQKVHALFYRLDIVKMNNNSKYRLINCNTSVIKQACPKVSFDPIPIHYCTPAGYAILKCNDKNFNGTGPCKNVSSVQCTHGIKPVISTQLLLNGSLAEGEIIIRSENLTNNAKNIIVHLNESIEINCTRPSNTKIGKTRGPGHVYYRTGEEIGDIRKAYCEINGTKWNKTLEQVARKLQEHFNGTIKFQPPVGGDLEITTHHFNCRGEFFYCNTSQLFNWTRNENTSREEGNKNITLPCRIKQIVNMWQGVGQTMYAPPIGGIINCVSNITGILLTRDGGGKNSSNNSTEHRNTEIFRPGGGNMKDNWRNELYKYKVVEIEPLGIAPTKARRRVVEREKRAVGIGAMIFGFLGAAGSTMGAASITLTVQARQLLSGIVQQQSNLLRAIEAQQHMLQLTVWGIKQLQARVLAVERYLKDQKFLGLWGCSGKIICTTNVPWNSSWSNKSFNEIWNNMTWTEWEREISNYTNQIYDILTESQNQQDKNEKELLELDKWESLWNWFGITRWLWYIKIFIIIVGGLIGLRIVFAVLSIVNRVRQGYSPLSFQIPTHPQREPDRLEEIGEEGGEQGRNRSVRLVSGFLALAWDDLRNLCLFLYHRLRDFILIAARTVELLRHSSLKGLRRGWEGLKYLGNLLLYWIQELKISAISLLNATAIAVGGWTDRVIEVAQRAWRAFLHIPRRIRQGLERALI,Human immunodeficiency virus 1,human,1,0.006960557,Retroviridae,1,0.645736175
XPT06164,Lentivirus humimdef1,Retroviridae,China,Homo sapiens,MRVKETQMNWLNWWKWGTLILGLVIMCSASDKLWVTVYYGVPVWRDANTTLFCASDAKAHETEVHNVWATHACVPTDPNPQEMHLENVTENFNMWKNNMVEQMQEDIISLWDQSLKPCVKLTPLCVTLNCTDAKWTNVTLNTSNDTSKIGNITDEVKNCTFNVTTEVIDKRQKVHALFYRLDIVKMNNNSKYRLINCNTSVIKQACPKVSFDPIPIHYCTPAGYAILKCNDKNFNGTGPCKNVSSVQCTHGIKPVISTQLLLNGSLAEGEIIIRSENLTNNAKNIIVHLNESIEINCTRPSNTKIGKTRGPGHVYYRTGEEIGDIRKAYCEINGTKWNKTLEQVARKLQEHFNGTIKFQPPVGGDLEITTHHFNCRGEFFYCNTSQLFNWTHNENASREEGNKNKNITLPCRIKQIVNMWQGVGQTMYAPPIGGIINCVSNITGILLTRDGGGKNSSDNSTEIFRPGGGNMKDNWRNELYKYKVVEIEPLGIAPTKARRRVVEREKRAVGIGAMIFGFSGAAGSTMGAASITLTVQARQLLSGIVQQQSNLLRAIEAQQHMLQLTVWGIKQLQARVLAVERYLKDQKFLGLWGCSGKIICTTNVPWNSSWSNKSFNEIWNNMTWTEWEREISNYTNQIYDILTESQNQQDKNEKELLELDKWESLWNWFGITRWLWYIKIFIIIVGGLIGLRIVFAVLSIVNRVRQGYSPLSFQIPAHPQREPDRLEEIGEEGGEQGKNRSVRLVSGFLALAWDDLRSLCLFLYHRLRDFILIAARTVELLGHSSLKGLRRGWEGLKYLGNLLLYWIQELKISAISLLNATAIAVGGWTDRVIEVAQRAWRAFIHIPRRIRQGLERALI,Human immunodeficiency virus 1,human,1,0.006984866,Retroviridae,1,0.645736175
XPT06173,Lentivirus humimdef1,Retroviridae,China,Homo sapiens,MKVKETQMNWLNWWKWGTLILGLVIMCSASDKLWVTVYYGVPVWRDANTTLFCASDAKAHETEVHNVWATHACVPTDPNPQEMHLENVTENFNMWKNNMVEQMQEDIISLWDQSLKPCVKLTPLCVTLNCTDAKWTNVTLNTSNDTSKIGNITDEVKNCTFNVTTEVIDKRQKVHALFYRLDIVKMNNNSKYRLINCNTSVIKQACPKVSFDPIPIHYCTPAGYAILKCNDKNFNGTGPCKNVSSVQCTHGIKPVISTQLLLNGSLAEGEIIIRSENLTNNAKNIIVHLNESIEINCTRPSNTKIGKTRGPGHVYYRTGEEIGDIRKAYCEINGTKWNKTLEQVARKLQEHFNGTIKFQPPVGGDLEITTHHFNCRGEFFYCNTSQLFNWTHNKNTSREERNKNITLPCRIKQIVNMWQGVGQTMYAPPISGIINCVSNITGILLTRDGGGKNSSDNSTEIFRPGGGNMKDNWRNELYKYKVVEIEPLGIAPTKARRRVVEREKRAVGIGAMIFGFLGAAGSTMGAASITLTVQARQLLSGIVQQQSNLLRAIEAQQHMLQLTVWGIKQLQARVLAVERYLKDQKFLGLWGCSGKIICTTNVPWNSSWSNKSFNEIWNNMTWTEWEREISNYTNQIYDILTESQNQQDKNEKELLELDKWESLWNWFGITRWLWYIKIFIIIVGGLIGLRIVFAVLSIVNRVRQGYSPLSFQIPTHPQRETDRLEEIGEEGGEQGRNRSVRLVSGFLALAWDDLRSLCLFLYHRLRDFILIAARTVELLGHSSRKGLRRGWEGLKYLGNLLLYWIQELKISAISLLNATAIAVGGWTDRVIEVAQRAWRAFLHIPRRIRQGLERALI,Human immunodeficiency virus 1,human,1,0.007001167,Retroviridae,1,0.645736175
XPT06190,Lentivirus humimdef1,Retroviridae,China,Homo sapiens,MRVKETQMNWLNWWKWGTLILGLVIMCSASDKLWVTVYYGVPVWRDANTTLFCASDAKAHETEVHNVWATHACVPTDPNPQEMHLENVTENFNMWKNNMVEQMQEDIISLWDQSLKPCVKLTPLCVTLNCTDAKWTNVTLNTSNDTSKIGNITDEVKNCTFNVTTEVIDKRQKVHALFYRLDIVKMNNNSKYRLINCNTSVIKQACPKVSFDPIPIHYCTPAGYAILKCNDKNFNGTGPCKNVSSVQCTHGIKPVISTQLLLNGSLAEGEIIIRSENLTNNAKNIIVHLNESIEINCTRPSNTKIGKTRGPGHVYYRTGEEIGDIRKAYCEINGTKWNKTLEQVARKLQEHFNGTIKFQPPVGGDLEITTHHFNCRGEFFYCNTSQLFNWTRNENTSREEGNKNITLPCRIKQIVNMWQGVGQTMYAPPIGGIINCVSNITGILLTRDGGGKNSSNNSTEHRNTEIFRPGGGNMKDNWRNELYKYKVVEIEPLGIAPTKARRRVVEREKRAVGIGAMIFGFLGAAGSTMGAASITLTVQARQLLSGIVQQQSNLLRAIEAQQHMLQLTVWGIKQLQARVLAVERYLKDQKFLGLWGCSGKIICTTNVPWNSSWSNKSFNEIWNNMTWTEWEREISNYTNQIYDILTESQNQQDKNEKELLELDKWESLWNWFGITRWLWYIKIFIIIVGGLIGLRIVFAVLSIVNRVRQGYSPLSFQIPTHPQREPDRLEEIGEEGGEQGRNRSVRLVSGFLALAWDDLRNLCLFLYHRLRDFILIAARTAELLRHSSLKGLRRGWEGLKYLGNLLLYWIQELKISAISLLNATAIAVGGWTDRVIEVAQRAWRAFLHIPRRIRQGLERALI,Human immunodeficiency virus 1,human,1,0.006960557,Retroviridae,1,0.645736175
XPT06199,Lentivirus humimdef1,Retroviridae,China,Homo sapiens,MKVKETQMNWLNWWKWGTLILGLVIMCSASDKLWVTVYYGVPVWRDANTTLFCASDAKAHETEVHNVWATHACVPTDPNPQEMHLENVTENFNMWKNNMVEQMQEDIISLWDQSLKPCVKLTPLCVTLNCTDAKWTNVTLNTSNDTSKIGNITDEVKNCTFNVTTEVIDKRQKVHALFYRLDIVKMNNNSKYRLINCNTSVIKQACPKVSFDPIPIHYCTPAGYAILKCNDKNFNGTGPCKNVSSVQCTHGIKPVISTQLLLNGSLAEGEIIIRSENLTNNANNIIVHLNESIEINCTRPSNTKIGKTRGPGHVYYRTGEEIGDIRKAYCEINGTKWNKTLEQVARKLQEHFNGTIKFQPPVGGDLEITTHHFNCRGEFFYCNTSQLFNWTRNENTSREEGNKNITLPCRIKQIVNMWQGVGQTMYAPPIGGIINCVSNITGILLTRDGGGKNSSNNSTEHRNTEIFRPGGGNMKDNWRNELYKYKVVEIEPLGIAPTKARRRVVEREKRAVGIGAMIFGFLGAAGSTMGAASITLTVQARQLLSGIVQQQSNLLRAIEAQQHMLQLTVWGIKQLQARVLAVERYLKDQKFLGLWGCSGKIICTTNVPWNSSWSNKSFNEIWNNMTWTEWEREISNYTNQIYDILTESQNQQDKNEKELLELDKWESLWNWFGITRWLWYIKIFIIIVGGLIGLRIVFAVLSIVNRVRQGYSPLSFQIPTHPQREPDRLEEIGEEGGEQGKNRSVRLVSGFLALAWDDLRSLCLFLYHRLRDFILIAARTVELLGHSSLKGLRRGWEGLKYLGNLLLYWIQELKISAISLLNATAIAVGGWTDRVIEVAQRAWRAFIHIPRRIRQGLERALI,Human immunodeficiency virus 1,human,1,0.006960557,Retroviridae,1,0.645736175
XPT06208,Lentivirus humimdef1,Retroviridae,China,Homo sapiens,MKVKETQMNWLNWWKWGTLILGLVIMCSASDKLWVTVYYGVPVWRDANTTLFCASDAKAHETEVHNVWATHACVPTDPNPQEMHLENVTENFNMWKNNMVEQMQEDIISLWDQSLKPCVKLTPLCVTLNCTDAKWTNVTLNTSNDISKIGNITDEVKNCTFNMTTEVMDKRQKVHALFYRLDIVEMNNNSEYRLINCNTSVIKQACPKVSFDPIPIHYCTPAGYAILKCNDKNFNGTGPCKNVSSVQCTHGIKPVISTQLLLNGSLAEGEIIIRSENLTNNAKNIIVHLNESIEINCTRPSNTKIRRTRGPGHVFYRTGEEIGDIRKAYCEINGTKWNKTLEQVARKLQEHFNGTIKFQPPVGGDLEITTHHFNCRGEFFYCNTSQLFNWTHNENASREEGNKNITLPCRIKQIVNMWQGVGQAMYAPPISGIINCVSNITGILLTRDGGGKNSSDNSTEIFRPGGGNMKDNWRNELYKYKVVEIEPLGIAPTKARRRVVEREKRAVGIGAMIFGFLGAAGSTMGAASITLTVQARQLLSGIVQQQSNLLRAIEAQQHMLQLTVWGIKQLQARVLAVERYLKDQKFLGLWGCSGKIICTTNVPWNSSWSNKSFNEIWNNMTWTEWEREISNYTNQIYDILTESQNQQDKNEKELLELDKWESLWNWFGITRWLWYIKIFIIIVGGLIGLRIVFAVLSIVNRVRQGYSPLSFQIPTHPQREPDRLEEIGEEGGEQGRNRSVRLVSGFLALAWDDLRNLCLFLYHRLRDFILIAARTVELLRHSSLKGLRRGWEGLKYLGNLLLYWIQELKISAISLLNATAIAVGGWTDRVIEVAQRAWRAFIHIPRRIRQGLERALI,Human immunodeficiency virus 1,human,1,0.007001167,Retroviridae,1,0.645736175
XPT06217,Lentivirus humimdef1,Retroviridae,China,Homo sapiens,MRVKETQMNWLNWWKWGTLILGLVIMCSASDKLWVTVYYGVPVWRDANTTLFCASDAKAHETEVHNVWATHACVPTDPNPQEMHLENVTENFNMWKNNMVEQMQEDIISLWDQSLKPCVKLTPLCVTLNCTDAKWTNVTLNTSNDTSKIGNITDEVKNCTFNVTTEVIDKRQKVHALFYRLDIVKMNNNSKYRLINCNTSVIKQACPKVSFDPIPIHYCTPAGYAILKCNDKNFNGTGPCKNVSSVQCTHGIKPVISTQLLLNGSLAEGEIIIRSENLTNNAKNIIVHLNESIEINCTRPSNTKIGKTRGPGHVYYRTGEEIGDIRKAYCEINGTKWNKTLEQVARKLQEHFNGTIKFQPPVGGDLEITTHHFNCRGEFFYCNTSQLFNWTHNENASREEGNKNKNITLPCRIKQIVNMWQGVGQTMYAPPIGGIINCVSNITGILLTRDGGGKNSSNNSTEHRNTEIFRPGGGNMKDNWRNELYKYKVVEIEPLGIAPTKARRRVVEREKRAVGIGAMIFGFLGAAGSTMGAASITLTVQARQLLSGIVQQQSNLLRAIEAQQHMLQLTVWGIKQLQARVLAVERYLKDQKFLGLWGCSGKIICTTNVPWNSSWSNKSFNEIWNNMTWTEWEREISNYTNQIYDILTESQNQQDKNEKELLELDKWESLWNWFGITRWLWYIKIFIIIVGGLIGLRIVFAVLSIVNRVRQGYSPLSFQIPAHPQREPDRLEEIGEEGGEQGKNRSVRLVSGFLALAWDDLRSLCLFLYHRLRDFILIAARTVELLGHSSLKGLRRGWEGLKYLGNLLLYWIQELKISAISLLNATAIAVGGWTDRVIEVAQRAWRAFLHIPRRIRQGLERALI,Human immunodeficiency virus 1,human,1,0.006944444,Retroviridae,1,0.645736175
XPT06226,Lentivirus humimdef1,Retroviridae,China,Homo sapiens,MRVKETQMNWLSWWKWGTLILGLVIMCSASDKLWVTVYYGVPVWRDANTTLFCASDAKAHETEVHNVWATHACVPTDPNPQEMHLENVTENFNMWKNNMVEQMQEDIISLWDQSLKPCVKLTPLCVTLNCTDAKWTNVTLNTSNDISKIGNITDEVKNCTFNMTTEVMDKRQKVHALFYRLDIVEMNNNSEYRLINCNTSVIKQACPKVSFDPIPIHYCTPAGYAILKCNDKNFNGTGPCKNVSSVQCTHGIKPVISTQLLLNGSLAEGEIIIRSENLTNNAKNIIVHLNESIEINCTRPSNTKIRRTRGPGHVFYRTGEEIGDIRKAYCEINGTKWNKTLEQVARKLQEHFNGTIKFQPPVGGDLEITTHHFNCRGEFFYCNTSQLFNWTRNKNTSREEGNKNITLPCRIKQIVNMWQGVGQTMYAPPIGGIINCVSNITGILLTRDGGGKNSSNNSTEHRNTEIFRPGGGNMKDNWRNELYKYKVVEIEPLGIAPTKARRRVVEREKRAVGIGAMIFGFLGAAGSTMGAASITLTVQARQLLSGIVQQQSNLLRAIEAQQHMLQLTVWGIKQLQARVLAVERYLKDQKFLGLWGCSGKIICTTNVPWNSSWSNKSFNEIWNNMTWTEWEREISNYTNQIYDILTESQNQQDKNEKELLELDKWESLWNWFGITRWLWYIKIFIIIVGGLIGLRIVFAVLSIVNRVRQGYSPLSFQIPTHPQREPDRLEEIGEEGGEQGRNRSVRLVSGFLALAWDDLRSLCLFLYHRLRDFILIAARTVELLRHSSLKGLRRGWEGLKYLGNLLLYWIQELKISAISLLNATAIAVGGWTDRVIEVAQRAWRAFIHIPRRIRQGLERALI,Human immunodeficiency virus 1,human,1,0.006960557,Retroviridae,1,0.645736175
XPT06235,Lentivirus humimdef1,Retroviridae,China,Homo sapiens,MRVKETQMNWLNWWKWGTLILGLVIMCSASDKLWVTVYYGVPVWRDANTTLFCASDAKAHETEVHNVWATHACVPTDPNPQEMHLENVTENFNMWKNNMVEQMQEDIISLWDQSLKPCVKLTPLCVTLNCTDAKWTNVTLNTSNDTSKIGNITDEVKNCTFNVTTEVIDKRQKVHALFYRLDIVKMNNNSKYRLINCNTSVIKQACPKVSFDPIPIHYCTPAGYAILKCNDKNFNGTGPCKNVSSVQCTHGIKPVISTQLLLNGSLAEGEIIIRSENLTNNAKNIIVHLNESIEINCTRPSNTKIGKTRGPGHVYYRTGEEIGDIRKAYCEINGTKWNKTLEQVARKLQEHFNGTIKFQPPVGGDLEITTHHFNCRGEFFYCNTSQLFNWTRNENTSREEGNKNITLPCRIKQIVNMWQGVGQTMYAPPIGGIINCVSNITGILLTRDGGGKNSSNNSTEHRNTEIFRPGGGNMKDNWRNELYKYKVVEIEPLGIAPTKARRRVVEREKRAVGIGAMIFGFLGAAGSTMGAASITLTVQARQLLSGIVQQQSNLLRAIEAQQHMLQLTVWGIKQLQARVLAVERYLKDQKFLGLWGCSGKIICTTNVPWNSSWSNKSFNEIWNNMTWTEWEREISNYTNQIYDILTESQNQQDKNEKELLELDKWESLWNWFGITRWLWYIKIFIIIVGGLIGLRIVFAVLSIVNRVRQGYSPLSFQIPTHPQREPDRLEEIGEEGGEQGRNRSVRLVSGFLALAWDDLRNLCLFLYHRLRDFILIAARTVELLRHSSLKGLRRGWEGLKYLGNLLLYWIQELKISAISLLNATAIAVGGWTDRVIEVAQRAWRAFLHIPRRIRQGLERALI,Human immunodeficiency virus 1,human,1,0.006960557,Retroviridae,1,0.645736175
XPT06244,Lentivirus humimdef1,Retroviridae,China,Homo sapiens,MRVKETQMNWLNWWKWGTLILGLVIMCSASDKLWVTVYYGVPVWRDANTTLFCASDAKAHETEVHNVWATHACVPTDPNPQEMHLENVTENFNIWKNNMVEQMQEDIISLWDQSLKPCVKLTPLCVTLNCTDAKWANVTLNTSNDTSKIGNITDEVKNCTFNVTTEVIDKRQKVHALFYRLDIVKMNNNSKYRLINCNTSVIKQACPKVSFDPIPIYYCTPAGYAILKCNDNNFNGTGPCKNVSSVQCTHGIKPVISTQLLLNGSLAEGEIIIRSENLTNNAKSIIVHLNESIEINCTRPSYTKIGMTRGPGHVFYRTGDITGKAYCKINGTKWNKTLEQVARKLQEHFNGTIKFQPPVGGDLEITTHHFNCRGEFFYCNTSQLFNWTHNENTSREEGNKNITLPCRIKQIVNMWQGVGQTMYAPPIKGIINCVSNITGILLTRDGGGKNSSDNSTEIFRPGGGNMKDNWRNELYKYKVVEIEPLGIAPTKARRRVVEREKRAVGIGAMIFGFLGAAGSTMGAASITLTVQARQLLSGIVQQQSNLLRAIEAQQHMLQLTVWGIKQLQARVLAVERYLKDQKFLGLWGCSGKIICTTNVPWNSSWSNKSFNEIWNNMTWTEWEREISNYTNQIYDILTESQNQQDKNEKELLELDKWESLWNWFGITRWLWYIKIFIIIVGGLIGLRIVFAVLSIVNRVRQGYSPLSFQTPTHPQREPDRLEEIGEEGGEQGRNRSVRLVSGFLALAWDDLRNLCLFLYHHLRDFILIAARTVELLGHSSLKGLRRGWEGLKYLGNLLLYWIQELKISAISLLNATAIAVGGWTDRVIEVAQRAWRAFLHIPRRIRQGLERALI,Human immunodeficiency virus 1,human,1,0.007025761,Retroviridae,1,0.645736175
XPT06253,Lentivirus humimdef1,Retroviridae,China,Homo sapiens,MKVKETQMNWLNWWKWGTLILGLVIMCSASDKLWVTVYYGVPVWRDANTTLFCASDAKAHETEVHNVWATHACVPTDPNPQEMHLENVTENFNMWKNNMVEQMQEDIISLWDQSLKPCVKLTPLCVTLNCTDAKWTNVTLNTSNDISKIGNITDEVKNCTFNMTTEVMDKRQKVHALFYRLDIVEMNNNSEYRLINCNTSVIKQACPKVSFDPIPIHYCTPAGYAILKCNDKNFNGTGPCKNVSSVQCTHGIKPVISTQLLLNGSLAEGEIIIRSENLTNNAKNIIVHLNESIEINCTRPSNTKIRRTRGPGHVFYRTGEEIGDIRKAYCEINGTKWNKTLEQVARKLQEHFNGTIKFQPPVGGDLEITTHHFNCRGEFFYCNTSQLFNWTRNENTSREEGNKNITLPCRIKQIVNMWQGVGQTMYAPPIGGIINCVSNITGILLTRDGGGKNSSNNSTEHRNTEIFRPGGGNMKDNWRNELYKYKVVEIEPLGIAPTKARRRVVEREKRAVGIGAMIFGFLGAAGSTMGAASITLTVQARQLLSGIVQQQSNLLRAIEAQQHMLQLTVWGIKQLQARVLAVERYLKDQKFLGLWGCSGKIICTTNVPWNSSWSNKSFNEIWNNMTWTEWEREISNYTNQIYDILTESQNQQDKNEKELLELDKWESLWNWFGITRWLWYIKIFIIIVGGLIGLRIVFAVLSIVNRVRQGYSPLSFQIPTHPQREPDRLEEIGEEGGEQGRNRSVRLVSGFLALAWDDLRNLCLFLYHRLRDFILIAARTVELLGHSSLKGLRRGWEGLKYLGNLLLYWIQELKISAISLLNATAIAVGGWTDRVIEVAQRAWRAFIHIPRRIRQGLERALI,Human immunodeficiency virus 1,human,1,0.006960557,Retroviridae,1,0.645736175
XPB75735,Porcine epidemic diarrhea virus,Coronaviridae,China,Sus scrofa,MKSLTYFWLFLPVLSTLSLPQDVTRCSANTNFRRFFSKFNVQAPAVVVLGGYLPIGENQGVNSTWYCAGQHPTASGVHGIFLSHIRGGHGFEIGISQEPFDPSGYQLYLHKATNGNTNATARLRICQFPSIKTLGPTANNDVTTGRNCLFNKAIPAHMSEHSVVGITWDNDRVTVFSDKIYYFYFKNDWSRVATKCYNSGGCAMQYVYEPTYYTLNVTSAGEDGISYQPCTANCIGYAANVFATEPNGHIPEGFSFNNWFLLSNDSTLVHGKVVSNQPLLVNCLLAIPKIYGLGQFFSFNQTIDGVCNGAAVQRAPEALRFNINDTSVILAEGSIVLHTALGTNFSFVCSNSSEPHLATFAIPLGATQVPYYCFLKVDTYNSTVYKFLAVLPPTVREIVITKYGDVYVNGFGYLHLGLLDAVTINFTGHGTDDDVSGFWTIASTNFVDALIEVQGTAIQRILYCDDPVSQLKCSQVAFDLDDGFYPISSTNLLSHEQPTSFVTLPSFNDHSFVNITVFAAFGGHSGANLIASDTTINGFSSFCVDTRQFTISLFYNVTNSYGYVSKSQDSNCPFTLQSVNDYLSFSKFCVSTSLLASACTIDLFGYPEFGSGVKFTSLYFQFTKGELITGTPKPLEGVTDVSFMTLDVCTKYTIYGFKGEGIITLTNSSFLAGVYYTSDSGQLLAFKNVTSGAVYSVTPCSFSEQAAYVDDDIVGVISSLSSSTFNSTRELPGFFYHSNDGSNCTEPVLVYSNIGVCKSGSIGYVRSQSGQVKIAPTVTGNISIPTNFSMSIRTEYLQLYNTPVIVDCATYVCNGNSRCKQLLTHYTAACKTIESALQLSARLESAEVNSMLTISEEVLQLATISSFNGDGYNFTNVLGVSVYDPASRRVVHKRSFIEDLLFNKVVTNGLGTVDEDYKRCSNGRSVADLVCAQYYSGVMVLPGVVDAEKLHMYSASLIGGMVLGGFTAAAALPFSYAVQARLNYLALQTDVLQRNQQLLAESFNSAIGNITLAFESVKEAVSQTSKGLNTVAHALTKVQEVVNSQGAALTQLTVQLQHNFQAISSSIDDIYSRLDILSADVQVDRLITGRLSALNAFVAQTLTKYTEVQASRKLAQQKVNECVKSQSQRYGFCGGDGEHIFSLVQAAPQGLLFLHTVLVPGDFVNVIAIAGLCVNDEIALTLREPGLVLFTHELQDTATEYFVSSRRMYEPRKPTVGDFVQIESCVVTYVNLTRDQLPEVIPDYIDVNKTLDEILASLPNRTGPSLSLDVFNATYLNLTGEIADLEQRSESLRNTTEELQSLIYNINNTLVDLEWLNRVETYIKWPWWVWLIIFIVLIFVVSLLVFCCISTGCCGCCGCCGACFSGCCRGPRLQPCEAFEKVHVQ,Porcine epidemic diarrhea virus,Wild Boar,0,0.150902527,Coronaviridae,1,0.621952564
XPB75789,Porcine epidemic diarrhea virus,Coronaviridae,China,Sus scrofa,MKSLTYFWLFLPVLSTLSRPQDVTRCSANTNFRRFFSKFNVQAPAVVVLGGYLPIGENQGVNSTWYCAGQHPTASGVHGIFLSHIRGGHGFEIGISQEPFDPSGYQLYLHKATNGNTNATARLRICQFPSIKKLGPTADNDVTTGRNCLFNKAIPAHMSEHSVVGITWDNDRVTVFSDKIYHFYFKNDWSRVATKCYNSGGCAMQYVYEPTYYMLNVTSAGEDGISYQLCTANCIGYAANVFATEPNGHIPEGFSFNNWFLLSNDSTLVHGKVVSNQPLLVNCLLALPKIYGLGQFFSFNQTIDGVCNGAAVQRAPEALRFNINDTSVILAEGSIVLHTALGTNLSFVCSNSSDPHLATFAIPLGATQVPYYCFLKVDTYNSTVYKFLAVLPPTVREIVITKYGDVYVNGFGYLHLGLLDAVTINFTGHGTDDDVSGFWTIASTNFVDALIEVQGTAIQRILYCDDPVSQLKCSQVSFDLDDGFYPISSRNLLSHEQPISFVTLPSFKDHSFVNITVSASFGGHSGANLIASDTTINGLSSFCVDTRQFTISLFYNVTNSYGYVSKSQDSNCPFTLQSVNDYLSFSKFCVSTSLLASACTIDLFGYPEFGSGVKFTSLYIQFTKGELITGTPKPLEGVTDVSFMTLDVCTKYTIYGFKGEGVITLTNSSILAGVYYTSDSGQLLAFKNVTSGAVYSVTPCSFSEQAAYVDDDIVGVISSLSSSTFNSTRELPGFFYHSNDGSNCTEPVLVYSNIGVCKSGSIGYVPSQYGQVKIAPTVTGNISIPTNFSMSIRTEYLQLYNTPVSVDCATYVCNGNSRCKQLLTQYTAACKTIESALQLSARLESVEVNSMLTISEEALQLATISSFNGDGYNFTNVLGVSVYDPASGRVVQKRSFIEDLLFNKVVTNGLGTVDEDYKRCSNGRSVADLVCAQYYSGVMVLPGVVDAEKLHMYSASLIGGMVLGGFTSAAALPFSYAVQARLNYLALQTDVLQRNQQMLAESFNSAIGNITSAFESVKEAISQTSKGLNTVAHALTKVQEVVNSQGAALTQLTVQLQHNFQAISSSIDDIYSRLDILSADVQVDRLITGRLSALNAFVAQTLTKYTEVQASRKLAQQKVNECVKSQSQRYGFCGGDGEHIFSLVQAAPQGLLFLHTVLVPGDFVDVIAIAGLCVNDEIALTLREPGLVLFTHELQNHTATEYFVSSRRMFEPRKPTVSDFVQIESCVVTYVNLTRDQLPDVIPDYIDVNKTLDEILSSLPNRTGPSLPLDVFNATYLNLTGEIADLEQRSESLRNTTEELQSLIYNINNTLVDLEWLNRVETYIKWPWWVWLIIFIVLIFVVSLLVFCCISTGCCGCCGCCGACFSGCCRGPRLQPYEAFEKVHVQ,Porcine epidemic diarrhea virus,Wild Boar,0,0.155122655,Coronaviridae,1,0.604378577
XPB75705,Porcine epidemic diarrhea virus,Coronaviridae,China,Sus scrofa,MKSLTYFWLLLPVLSTLSLPQDVTRCSANTNFRRFFSKFNVQAPAVVVLGGYLPIGENQGVNSTWYCAGQHPTASGVHGIFLSHIRGGHGFEIGISQEPFDPSGYQLYLHKATNGNTNATARLRICQFPSIKTLGPTADNDVTTGRNCLFNKAIPAHMSEHSVVGITWDNDRVTVFSDKIYHFYFKNDWSRVATKCSNSGGCAMQYVYEPTYYMLNVTSAGEDGISYQLCTANCIGYAANVFATEPNGHIPEGFSFNNWFLLSNDSTLVHGKVVSNQPLLVNCLLATPKIYGLGQFFSFNQTIDGVCNGAAVQRAPEALRFNINDTSVILAEGSIVLHTALGTNLSFVCSNSSDPHLATFAIPLGATQVPYYCFLKVDTYNSTVYKFLAVLPPTVREIVITKYGDVYVNGFGYLHLGLLDAVTINFTGHGTDDDVSGFWTIASTNFVDALIEVQGTAIQRILYCDDPVSQLKCSQVSFDLDDGFYPISSRNLLSHEQPISFVTLPSFNDHSFVNITVSASFGGHSGANLIASDTTINGLSSFCVDTRQFTISLFYNVTNSYGYVSNSQESNCPFTLQSVNDYLSFSKFCVSTSLLASACTIDLFGYPEFGSGVKFTSLYFQFTKGELITGTPKPLVGVTDVSFMTLDVCTKYTIYGFKGEGIITLTNSSILAGVYYTSDSGQLLAFKNVTSGAVYSVMPCSFSEQAAYVDDDIVGVISSLSSSTFNSTRELPGFFYHSNDGSNCTEPVLVYSNIGVCKSGSIGYVLSQSGQVKIAPTVTGNISIPTNFSMSIRTEYLQLYNTPVSVDCATYVCNGNSRCKQLLTQYTAACKTIESALQLSARLESVEVNSMLTISEEALQLATISSFNGGGYNFTNVLGVSVYDPSSGRVVQKRSFIEDLLFNKVVTNGLGTVDEDYKRCSNGRSVADLVCAQYYSGVMVLPGVVDAEKLHMYSASLIGGMVLGGFTSAAALPFSYAVQARLNYLALQTDVLQRNQQMLAESFNSAIGNITSAFESVKEAISQTSKGLNTVAHALTKVQEVVNSQGAAFTQLTAQLQHNFQAISSSIDDIYSRLDILSADVQVDRLITGRLSALNAFVAQTLTKYTEVQASRKLAQQKVNECVKSQSQRYGFCGGDGEHIFSLVQAAPQGLLFLHTVLVPGDFVDVIAIAGLCVNDEIALTLREPGLVLFTHELQNHTATEYFVSSRRMFEPRKPTVSDFVQIESCVVTYVNLTRDQLPDVIPDYIDVNKTLDEILSSLPNRTVPSLPLDVFNATYLNLTGEIADLEQRSESLRNTTEELQIFIYNINNTLVDLEWLNRVETYIKWPWWVWLIIFIVLIFVVSLLVFCCISTGCCGCCGCCCACFSGCCRGPRLQPYEVFEKVHVQ,Porcine epidemic diarrhea virus,Wild Boar,0,0.155844156,Coronaviridae,1,0.586267599
XPB75717,Porcine epidemic diarrhea virus,Coronaviridae,China,Sus scrofa,MKSLTYFWLLLPVLSTLSLPQDVTRCSANTNFRRFFSKFNVQAPAVVVLGGYLPIGENQGVNSTWYCAGQHPTASGVHGIFLSHIRGGHGFEIGISQEPFDPSGYQLYLHKATNGNTNATARLRICQFPSIKTLGPTADNDVTTGRNCLFNKAIPAHMSEHSVVGITWDNDRVTVFSDKIYHFYFKNDWSRVATKCSNSGGCAMQYVYEPTYYMLNVTSAGEDGISYQLCTANCIGYAANVFATEPNGHIPEGFSFNNWFLLSNDSTLVHGKVVSNQPLLVNCLLATPKIYGLGQFFSFNQTIDGVCNGAAVQRAPEALRFNINDTSVILAEGSIVLHTALGTNLSFVCSNSSDPHLATFAIPLGATQVPYYCFLKVDTYNSTVYKFLAVLPPTVREIVITKYGDVYVNGFGYLHLGLLDAVTINFTGHGTDDDVSGFWTIASTNFVDALIEVQGTAIQRILYCDDPVSQLKCSQVSFDLDDGFYPISSRNLLSHEQPISFVTLPSFNDHSFVNITVSASFGGHSGANLIASDTTINGLSSFCVDTRQFTISLFYNVTNSYGYVSNSQESNCPFTLQSVNDYLSFSKFCVSTSLLASACTIDLFGYPEFGSGVKFTSLYFQFTKGELITGTPKPLEGVTDVSFMTLDVCTKYTIYGFKGEGIITLTNSSILAGVYYTSDSGQLLAFKNVTSGAVYSVMPCSFSEQAAYVDDDIVGVISSLSSSTFNSTRELPGFFYHSNDGSNCTEPVLVYSNIGVCKSGSIGYVPSQSGQVKIAPTVTGNISIPTNFSMSIRTEYLQLYNTPVSVDCATYVCNGNSRCKQLLTQYTAACKTIESALQLSARLESVEVNSMLTISEEALQLATISSFNGGGYNFTNVLGVSVYDPSSGRVVQKRSFIEDLLFNKVVTNGLGTVDEDYKRCSNGRSVADLVCAQYYSGVMVLPGVVDAEKLHMYSASLIGGMVLGGFTSAAALPFSYAVQARLNYLALQTDVLQRNQQMLAESFNSAIGNITSAFESVKEAISQTSKGLNTVAHALTKVQEVVNSQGAAFTQLTAQLQHNFQAISSSIDDIYSRLDILSADVQVDRLITGRLSALNAFVAQTLTKYTEVQASRKLAQQKVNECVKSQSQRYGFCGGDGEHIFSLVQAAPQGLLFLHTVLVPGDFVDVIAIAGLCVNDEIALTLREPGLVLFTHELQNHTATEYFVSSRRMFEPRKPTVSDFVQIESCVVTYVNLTRDQLPDVIPDYIDVNKTLDEILSSLPNRTVPSLPLDVFNATYLNLTGEIADLEQRSESLRNTTEELQILIYNINNTLVDLEWLNRVETYIKWPWWVWLIIFIVLIFVVSLLVFCCISTGCCGCCGCCCACFSGCCRGPRLQPYEVFEKVHVQ,Porcine epidemic diarrhea virus,Wild Boar,0,0.155844156,Coronaviridae,1,0.586267599
XPB75723,Porcine epidemic diarrhea virus,Coronaviridae,China,Sus scrofa,MKSLTYFWLLLPVLSTLSLPQDVTRCSANTNFRRFFSKFNVQAPAVVVLGGYLPIGENQGVNSTWYCAGQHPTASGVHGIFLSHIRGGHGFEIGISQEPFDPSGYQLYLHKATNGNTNATARLRICQFPSIKTLGPTADNDVTTGRNCLFNKAIPAHMSEHSVVGITWDNDRVTVFSDKIYHFYFKNDWSRVATKCYNSGGCAMQYVYEPTYYMLNVTSAGEDGISYQLCTANCIGYATNVFATEPNGHIPEGFSFNNWFLLSNDSTLVHGKVVSNQPLLVNCLLAMPKIYGLGQFFSFNQTIDGVCNGAAVQRAPEALRFNINDTSVILAEGSIVLHTALGTNLSFVCSNSSDPHLATFAIPLGATQVPYYCFLKVDTYNSTVYKFLAVLPPTVREIVITKYGDVYVNGFGYLHLGLLDAVTINFTGHGTDDDVSGFWTIASTNFVDALIEVQGTAIQRILYCDDPVSQLKCSQVSFDLDDGFYPISSRNLLSHEQPISFVTLPSFNDHSFVNITVSASFGGHSGANLIASDTTINGLSSFCVDTRQFTISLFYNVTNSYGYVSKSQESNCPFTLQSVNDYLSFSKFCVSTSLLASACTIDLFGYPEFGSGVKFTSLYFQFTKGELITGTPKPLEGVTDVSFMTLDVCTKYTIYGFKGEGIITLTNSSILAGVYYTSDSGQLLAFKNVTSGAVYSVMPCSFSEQAAYVDDDIVGVISSLSNSTFNSTRELPGFFYHSNDGSNCTEPVLVYSNIGVCKSGSIGYLPSQSGQVKIAPTVTGNISIPTNFSMSIRTEYLQLYNTPVSVDCATYVCNGNSRCKQLLTQYTAACKTIESALQLSARLESVEVNSMLTISEEALQLATISSFNGGGYNFTNVLGVSVYDPSSGRVVQKRSFIEDLLFNKVVTNGLGTVDEDYKRCSNGRSVADLVCAQYYSGVMVLPGVVDAEKLHMYSASLIGGMVLGGFTSAAALPFSYAVQARLNYLALQTDVLQRNQQMLAESFNSAIGNITSAFESVKEAISQTSKGLNTVAHALTKVQEVVNSQGAAFTQLTLQLQHNFQAISSSIDDIYSRLDILSADVQVDRLITGRLSALNAFVAQTLTKYTEVQASRKLAQQKVNECVKSQSQRYGFCGGDGEHIFSLVQAAPQGLLFLHTVLVPGDFVDVIAIAGLCVNDEIALTLREPGLVLFTHELQNHTATEYFVSSRRMFEPRKPTVSDFVQIESCVVTYVNLTRDQLPDVIPDYIDVNKTLDEILSSLPNRTVPSLPLDVFNATYLNLTGEIADLEQRSESLRNTTEELQSLIYNINNTLVDLEWLNRVETYIKWPWWVWLIIFIVLIFVVSLLVFCCISTGCCGCCGCCCACFSGCCRGPRLQPYEVFEKVHVQ,Porcine epidemic diarrhea virus,Wild Boar,0,0.155844156,Coronaviridae,1,0.586267599
WXH50502,Porcine epidemic diarrhea virus,Coronaviridae,South Korea,Sus scrofa,MKSLTYFWLFLPVLSTLSLPQDVTRCSANTNFRRFFSKFNVQAPAVVVLGGYLPTGEQHGPAWYCAGQHPTASGVHGIFVSHIRGGHGFEIGISQEPFDPSGYQLYLHKATNGNTNATARLRICQFPSIKTLGPTANNDVTTGRNCLFNKAIPAHMSEHSVVGITWDNDRVTVFSDKIYHFYFKNDWSRVATKCYNSGGCAMQYVYEPTYYMLNVTSAGEDGISYQPCTANCRGYAANVFATEPNGHIPEGFSFNNWFLLSNDSTLVHGKVVSNQPLLVNCLLAIPKIHGLGQFFSFNQTIDGVCNGAVVQRAPEALRFNINDTSVILAEGSIVLHTALGTNLSFVCSNSSNPHLATFAIPLGATQVPYYCFLKVDTYNSTVFKFLAVLPPTVREIVITKYGDVYVNGFGYLHLGLLDAVTINFTGHGTDDDVSGFWTIASTNFVDALIEVQGTAIQRILYCDDPVSQLKCSQVAFDLDDGFYPISSRNLLSHEQPSSFVTLPSFNDHSFVNITVSASFGGHSGANLIASDTTINGFSSFCVDTRQFTISLFYNVTNSYGYVSKSQDSNCPFTLQSVNDYLSFSKFCVSTSLLASACTIDLFGYPEFGSGVKFTSLYFQFTKGELITGTPKPLEGVTDVSFMTLDVCTKYTIYGFKGEGIITLTNSSFLAGVYYTSDSGQLLAFKNVTSGAVYSVTPCSFSEQAAYVDDDIVGVISSLSSSTFNSTRELPGFFYHSNDGSNCTEPVLVYSNIGVCKSGSIGYVPSQSGQVKIAPTVTGNISIPTNFSMSIRTEYLQLYNTPVSVDCATYVCNGNSRCKQLLTQYSAACKTIESALQLSARLESVEVNSMLTISEEALQLATISSFNGDGYNLTNVLGVSVYDPASGRVVQKRSFIEDLLFNKVVTNGLGTVDEDYKRCSNGRSVADLVCAQYYSGVMVLPGVVDAEKLHMYSASLIGGMVLGGFTSAAALPFSYAVQARLNYVALQTDVLQRNQQLLAESFNSAIGNITSAFESVKEAISQTSKGLNTVAHALTKVQEVVNSQGAALTQLTVQLQHNFQAISSSIDDIYSRLDILSADVQVDRLITGRLSALNAFVAQTLTKYTEVQASRKLAQQKVNECVKSQSQRYGFCGGDGEHIFSLVQAAPQGLLFLHTVLVPSDFVDVIAIAGLCVNDEIALTLREPGLVLFTHELQNHTATEYFVSSRRMFEPRKPTVSDFVQIESCVVTYVNLTRDQLPDVIPDYIDVNKTLDEILASLPNRTGPSLPLDVFNATYLNLTGEIADLEQRSESLRNTTEELQSLIYNINNTLVDLEWLNRVETYIKWPWWVWLIIFIVLIFVVSLLVFCCISTGCCGCCGCCCACFSGCCRGPRLQPYEVFEKVHVQ,Porcine epidemic diarrhea virus,Wild Boar,0,0.156791908,Coronaviridae,1,0.586184112
XPB75711,Porcine epidemic diarrhea virus,Coronaviridae,China,Sus scrofa,MKSLTYFWLFLPVLSTLSLPQDVTRCSANTNFRRFFSKFNVQAPAVVVLGGYLPIGENQGVNSTWYCAGQHPTASGVHGIFLSHIRGGHGFEIGISQEPFDPSGYQLYLHKATNGNTNATARLRICQFPSIKRLGPTADNDVTTGRNCLFNKAIPAHMSEHSVVGITWDNDRVTVFSDKIYHFYFKNDWSRVATKCYNSGGCAMQYVYEPTYYMLNVTSAGEDGISYQLCTANCIGYSANVFATEPNGHIPEGFSFNNWFLLSNDSTLTHGKVVSNQPLLVNCLLALPKIYGLGQFFSFNQTIDGVCNGAAVQRAPEALRFNINDTSVILAEGSIVLHTALGTNLSFVCSNSSNPHLATFTIPLGATQVPYYCFLKVDTYNSTVYKFLAVLPPTVREIVITKYGDVYVNGFGYLHLGLLDAVTINFTGHGSDDDVSGFWTIASTNFVDALIEVQGTAIQRILYCDDPVSQLKCSQVAFDLDDGFYPISSRNPLSHEQPISFVTLPSFNDHSFVNITVSAFFGGHSGANLIASDTTINGFSSFCVDTRQFTISLFYNVTNSYGYVSNSQDSNCPFTLHSVNDYLSFSKFCVSTSLLASACTIDLFGYPEFGSVVKFTSLYFQFTKGELITGTPKPLEGVTDVSFMTLDVCTKYTIYGFKGEGVITLTNSSFLAGVYYTSDSGQLLAFKNVTSGAVYSVTPCSFSEQAAYVDDDIVGVISSLSSSTFNSTRELPGFFYHSNDGSNCTEPVLVYSNIGVCKSGSIGYVPPQSGQVKIAPTVTGNISIPTNFSMSIRTEYLQLYNTPVSVDCATYVCNGNSRCKQLLTQYTSACKTIESALQISARLESVEVNSMLTISEEALQLATISSFNGDGYNFTNVLGVSVYDPASGRVVQKRSFIEDLLFNKVVTNGLGTVDEDYKRCSNGRSVADLVCAQYYSGVMVLPGVVDAEKLHMYSASLIGGMVLGGFTAAAALPFSYAVQARLNYLALQTDVLQRNQQLLAESFNSAIGNITSAFESVKEAISQTSKGLNTVAHALTKVQEVVNSQGAALTQLTVQLQHNFQAISSSIDDIYSRLDSLSADAQVDRLITGRLSALNAFVAQTLTKYTEVQASRKLAQQKVNECVKSQSQRYGFCGGDGEHIFSLVQAAPQGLLFLHTVLVPGDFVNVIAIAGLCVNDEIALTLREPGLVLFTHELQDTATEYFVSSRRMYEPRKPTVGDFVQIESCVVTYVNLTRDQLPEVIPDYIDVNKTLDEILASQPNRTGPSLSLDVFNATYLNLTGEIADLEQRSESLRNTTEELQSLIYNINNTLVDLEWLNRVETYIKWPWWVWLIIFIVLIFVVSLLVFCCISTGCCGCCGCCGACFSGCCRGPRLQPYEAFEKVHVQ,Porcine epidemic diarrhea virus,Wild Boar,0,0.157400722,Coronaviridae,1,0.585151804
XQF02886,Porcine epidemic diarrhea virus,Coronaviridae,China,Sus scrofa,MTPLIYFWLFLPVLLTLSLPQDVTRCQSTINFRRFFSKFNVQAPAVVVLGGYLPSMNSSSWYCGTGIETDSGVHGIFLSYIDSGQGFEIGISQEPFDPSGYQLYLHKATNGNTSAIARLRICQFPDNKTLGPTVNDVTTGRNCLFNKAIPALQDGKNIVVGITWDNDRVTVFADKIYHFYIKNDWSRVATRCYNKRSCAMQYVYTPTYYMLNVTSAGEDGIYYEPCTANCSGYAANVFATDSNGHIPEGFSFNNWFLLSNDSTLLHGKVVSNQPLLVNCLWAIPKIYGLGQFFSFNQTMDGVCNGAAAQRAPEALRFNINDTFVILAEGSIVLHTALGTNLSFVCSNSSDPHKAIFTIPLGVTEVPYYCFLKVDTYKSTVYKFLAVLPPTVKEIVITKYGDVYVNGFGYLHLGLLDAVTINFTGHGTDDDVSGFWTVASTNFVDALIEVQGTAIQRILYCDDPVSQLKCSQVSFDLDDGFYPISSRNLLSHEQPISFVTLPSFNDHSFVNITVSAAFGGHSGANLIASDTTINGFSSFCVDTRQFTITLFYNVTNSYGYVSKSQDSNCPFTLQSVNDYLSFSKFCVSTSLLAGACTIDLFGYPEFGSGVKFTSLYFQFTKGELITGTPKPLQGVTDVSFMTLDVCTKYTIYGFKGEGIITLTNSSFLAGVYYTSDSGQLLAFKNVTSGAVYSVTPCSFSEQAAYVDDDIVGVISSLSNSTFNNTRELPGFFYHSNDGSNCTEPVLVYSNIGVCKSGSIGYVPLQDGQVKIAPMVTGNISIPTNFSMSIRTEYLQLYNTPVSVDCVTYVCNGNSRCKQLLTQYTAACKTIESALQLSARLESVEVNSMLTISEEALQLATISSFNGDGYNFTNVLGVSVYDPASGRVVQKGSFIEDLLFNKVVTNGLGTVDEDYKRCSNGRSVADLVCAQYYSGVMVLPGVVDAEKLQMYSASLIGGMALGGLTTAAALPFSHAVQARLNYLALQTDVLQRNQQLLAESFNSAIGNITSAFESVKEAISQTSNGLNTVAHALTKVQEVVNSQGSALTQLTIQLQHNFQAISSSIDDIYSRLDILSADVQVDRLITGRLSALNAFVAQTLTKYTEVQASRKLAQQKVNECVKSQSQRYGFCGGDGEHIFSLVQAAPQGLLFLHTVLVPGDFVNVIAIDGLCVNGDIALTLREPGLVLFTHELQTYTATEYFVSSRRMFEPRKPTVSDFVQIESCVVTYVNLTSDQLPDVIPDYIDVNKTLDEILASLPNRIGPSLPLDVFNATYLNLTGEIADLEQRSESLRNTTEELRSLIYNINNTLVDLEWLNRVETYIKWPWWVWLIIFIVLIFVVSLLVFCCISTGCCGCCGCCGACFSGCCRGPRLQPYEAFEKVHVQ,Porcine epidemic diarrhea virus,Wild Boar,0,0.154848046,Coronaviridae,1,0.581117541
XPB75807,Porcine epidemic diarrhea virus,Coronaviridae,China,Sus scrofa,MKYLTYFWLFLPVLSTFSLPQDVARCSANTNFRRFFSKFNVQAPAVVVLGGYLPIGENQGVNSTWYCAGQHPTASGVHGIFLSHIRGGHGFEIGISQEPFDPSGYQLYLHKATNGNTNATARLRICQFPSIKTLGPTADNDVTTGRNCLFNKAIPAHMSEHSVVGITWDNDRVTVFSDKIYHFYFKNEWSRVATKCYNSGGCAMQYVYEPTYYMLNVTSAGDDGISYQLCTANCIGHAANVFATEPNGHIPEGFSFNNWFLLSNDSTLVHGKVVSNQPLLVNCLLATPKIYGLGQFFSFNQTIDGVCNGATVQRAPEALRFNINDTSVILAEGSIVLHTALGTNLSFVCSNSSNPHLATFAIPLGATQVPYYCFLKVDTYNSTVYKFLAVLPPTVREIVITKYGDVYVNGFGYLHLGLLDAVTINFTGHGTDDDVSGFWTIASTNFVDALIEVQGTAIQRILYCDDPVSQLKCSQVSFDLDDGFYPISSRNLLSHEQPISFVTLPSFNDHSFVNITVSASFGGHSGANLIASDTTINGLSSFCVDTRQFTISLFYNVTNSYGYVSKSQDSNCPFTLQSVNDYLSFSKFCVSTSLLASACTIDLFGYPEFGSGVKFTSLYFQFTKGELITGTPKPLEGVTDVSFMTLDVCTKYTIYGFKGEGIITLTNSSILAGVYYTSDSGQLLAFKNVTSGAVYSVTPCSFSEQAAYVDGDIVGVISSLSSSTFNSTRELPGFFYHSNDGSNCTEPVLVYSNIGVCKSGSIGYVPSQSGQVKIVPTVTGNISIPTNFSMSIRTEYLQLYNTPVSVDCVTYVCNGNSRCKQLLTQYTAACKTIESALQLSARLESVEVNSMLTISEEALQLATISSFNGDGYNFTNVLGVSVYDPSSGRVVQKRSFIEDLLFNKVVTNGLGTVDEDYKRCSNGRSVADLVCAQYYSGVMVLPGVVDAEKLHMYSASLIGGMVLGGFTAAAALPFSYAVQARLNYLALQTDVLQRNQQMLAESFNSAIGNITSAFESVKEAISQTSKGLNTVAHALTKVQEVVNSQGAALTQLTVQLQHNFQAISSSIDDIYSRLDILSADVQVDRLITGRLSALNSFVAQTLTKYTEVQASRKLAQQKVNECVKSQSQRYGFCGGDGEHIFSLVQAAPQGLLFLHTVLVPGDFVDVIAIAGLCVNDEIALTLREPGLVLFTHELQNHTATDYFVSSRRMFEPRKPTVSDFVQIESCLVTYVNLTRDQLPDVIPDYIDVNKTLDEILSSLPNRTGPSLPLDVFNATYLNLTGEIADLEQRSESLRNTTEELQILIYNINNTLVDLEWLNRVETYIKWPWWVWLIIFIVLIFVVSLLVFCCISTGCCGCCGCCCACFSGCCRGPRLQPYEVFEKVHVQ,Porcine epidemic diarrhea virus,Wild Boar,0,0.15007215,Coronaviridae,1,0.579022423
XQJ13171,Alphacoronavirus 1,Coronaviridae,USA,Felis catus,MIVLVTCLLLLCSYHTVLSTTNNECIQVNVTQLAGNENLIRDFLFSNFKEEGSVVVGGYYPTEVWYNCSRTARTTAFQYFNNIHAFYFVMEAMENSTGNARGKPLLFHVHGEPVSVIISAYRDDVQQRPLLKHGLVCITKNRHINYEQFTSNQWNSTCTGADRKIPFSVIPTDNGTKIYGLEWNDDFVTAYISGRSYHLNINTNWFNNVTLLYSRSSTATWEYSAAYAYQGVSNFTYYKLNNTNGLKTYELCEDYEHCTGYATNVFAPTSGGYIPDGFSFNNWFLLTNSSTFVSGRFVTNQPLLINCLWPVPSFGVAAQEFCFEGAQFSQCNGVSLNNTVDVIRFNLNFTADVQSGMGATVFSLNTTGGVILEISCYSDTVSESSSYSYGEIPFGITDGPRYCYVLYNGTALKYLGTLPPSVKEIAISKWGHFYINGYNFFSTFPIGCISFNLTTGVSGAFWTIAYTSYTEALVQVENTAIKNVTYCNSHINNIKCSQLTANLNNGFYPVASSEVGFVNKSVVLLPSFFTYTAVNITIDLGMKLSGYGQPIASTLSNITLPMQDNNTDVYCIRSNQFSVYVHSTCKSSLWDNIFNQDCTDVLEATAVIKTGTCPFSFDKLNNYLTFNKFCLSLSPVGANCKFDVAARTRTNEQVVRSLYVIYEEGDNIVGVPSDNSGLHDLSVLHLDSCTDYNIYGRTGVGIIRRTNSTLLSGLYYTSLSGDLLGFKNVSDGVIYSVTPCDVSAQAAVIDGAIVGAMTSINSELLGLTHWTTTPNFYYYSIYNYTSERTRGTAIDSNDVDCEPVITYSNIGVCKNGALVFINVTHSDGDVQPISTGNVTIPTNFTISVQVEYMQVYTTPVSIDCARYVCNGNPRCNKLLTQYVSACQTIEQALAMGARLENMEVDSMLFVSENALKLASVEAFNSTENLDPIYKEWPSIGGSWLGGLKDILPSHNSKRKYGSAIEDLLFDKVVTSGLGTVDEDYKRCTGGYDIADLVCAQYYNGIMVLPGVANADKMTMYTASLAGGITLGALGGGAVAIPFAVAVQARLNYVALQTDVLNKNQQILANAFNQAIGNITQAFGKVNDAIHQTSQGLATVAKALAKVQDVVNTQGQALSHLTVQLQNNFQAISSSISDIYNRLDELSADAQVDRLITGRLTALNAFVSQTLTRQAEVRASRQLAKDKVNECVRSQSQRFGFCGNGTHLFSLANAAPNGMIFFHTVLLPTAYETVTAWSGICASDGDRTFGLVVKDVQLTLFRNLDDKFYLTPRTMYQPRVATSSDFVQIEGCDVLFVNATVIDLPSIIPDYIDINQTVQDILENYRPNWTVPESTLDIFNATYLNLTGEIDDLEFRSEKLHNTTVELAILIDNINNTLVNLEWLNRIETYVKWPWYVWLLIGLVVVFCIPLLLFCCFSTGCCGCIGCLGSCCHSICSRRQFENYEPIEKVHVH,Feline infectious peritonitis virus,Cat ,0,0.157713499,Coronaviridae,1,0.552712945
XQI06579,Alphacoronavirus 1,Coronaviridae,USA,Felis catus,MIVLVTCLLLLCSYHTVLSTTNNECIQVNVTQLAGNENLIRDFLFSNFKEEGSVVVGGYYPTEVWYNCSRTARTTAFQYFNNIHAFYFVMEAMENSTGNARGKPLLFHVHGEPVSVIISAYRDDVQQRPLLKHGLVCITKNRHINYEQFTSNQWNSTCTGADRKIPFSVIPTDNGTKIYGLEWNDDFVTAYISGRSYHLNINTNWFNNVTLLYSRSSTATWEYSAAYAYQGVSNFTYYKLNNTNGLKTYELCEDYEHCTGYATNVFAPTSGGYIPDGFSFNNWFLLTNSSTFVSGRFVTNQPLLINCLWPVPSFGVAAQEFCFEGAQFSQCNGVSLNNTVDVIRFNLNFTADVQSGMGATVFSLNTTGGVILEISCYSDTVSESSSYSYGEIPFGITDGPRYCYVLYNGTALKYLGTLPPSVKEIAISKWGHFYINGYNFFSTFPIGCISFNLTTGVSGAFWTIAYTSYTEALVQVENTAIKNVTYCNSHINNIKCSQLTANLNNGFYPVASSEVGFVNKSVVLLPSFFTYTAVNITIDLGMKLSGYGQPIASTLSNITLPMQDNNTDVYCIRSNQFSVYVHSTCKSSLWDNIFNQDCTDVLEATAVIKTGTCPFSFDKLNNYLTFNKFCLSLSPVGANCNFDVAARTRTNEQVVRSLYVIYEEGDNIVGVPSDNSGLHDLSVLHLDSCTDYNIYGRTGVGIIRRTNSTLLSGLYYTSLSGDLLGFKNVSDGVIYSVTPCDVSAQAAVIDGAIVGAMTSINSELLGLTHWTTTPNFYYYSIYNYTSERTRGTAIDSNDVDCEPVITYSNIGVCKNGALVFINVTHSDGDVQPISTGNVTIPTNFTISVQVEYMQVYTTPVSIDCARYVCNGNPRCNKLLTQYVSACQTIEQALAMGARLENMEVDSMLFVSENALKLASVEAFNSTENLDPIYKEWPSIGGSWLGGLKDILPSHNSKRKYGSAIEDLLFDKVVTSGLGTVDEDYKRCTGGYDIADLVCAQYYNGIMVLPGVANADKMTMYTASLAGGITLGALGGGAVAIPFAVAVQARLNYVALQTDVLNKNQQILANAFNQAIGNITQAFGKVNDAIHQTSQGLATVAKALAKVQDVVNTQGQALSHLTVQLQNNFQAISSSISDIYNRLDELSADAQVDRLITGRLTALNAFVSQTLTRQAEVRASRQLAKDKVNECVRSQSQRFGFCGNGTHLFSLANAAPNGMIFFHTVLLPTAYETVTAWSGICASDGDRTFGLVVKDVQLTLFRNLDDKFYLTPRTMYQPRVATSSDFVQIEGCDVLFVNATVIDLPSIIPDYIDINQTVQDILENYRPNWTVPESTLDIFNATYLNLTGEIDDLEFRSEKLHNTTVELAILIDNINNTLVNLEWLNRIETYVKWPWYVWLLIGLVVVFCIPLLLFCCFSTGCCGCIGCLGSCCHSICSRRQFENYEPIEKVHVH,Feline infectious peritonitis virus,Cat ,0,0.157713499,Coronaviridae,1,0.552712945
XQN15653,Lentivirus humimdef1,Retroviridae,China,Homo sapiens,MRVKGIQMNWPNLWRWGTLIIGLVMICSASNNLWVTVYYGVPVWKEATTTLFCASDAKAYETEVHNVWATHACVPTNPNPQEVLLENVTENFNMWKNEMVNQMHEDVISLWDQSLKPCVKLTPLCVTLNCTDVSNSTSNSVNNSTSNSSLKNDQEMKNCSFNTTTVVKDKKQNVYALFYKLDIVQLDGNSNSSKLYRLINCNTSAITQACPKVTFDPIPIHYCTPAGYALLKCNNKSFSGTGPCNNVSTVQCTHGIKPVVSTQLLLNGSLAEEEIIIRSENLTNNAKTIIVHLNKSVEIVCTRPNNNTRKSIRIGPGQTFYATGDIIGDIRQAHCNISGTDWIQTLQNVSKKLAEHFPNKTIKFNSSSGGDLEIATHSFNCRGEFFYCNTSKLFNSEYMTNETFKFNGTWTNXTTNMTITIPCRIKQIINMWQEVGRAMYAPPIAGNITCRSYITGLLLVSDGGGKDNNSETFRPQGGDMRDNWRSELYKYKVVEIKPLGVAPTEAKRRVVEREKRAVGIGAVFLGFLGVAGSTMGAASLTLTVQARQLLSGIVQQQNNLLKAIEAQQHMLQLTVWGIKQLQTRVLAIERYLKDQQLLGMWGCSGKLICTTSVPWNSSWSNKSQTEIWNNMTWMQWDREINNYTESIYRLLEDSQNQQEQNEKDLLALDKWNNLWSWFDITNWLWYIRLFIIIVGGLIGLRIIFAVLSIVNRVRQGYSPLSLQTLIPNPGGPDRLGRIEEEGGEQGRDRSVRLVNGFLAIFWDDLRSLCIFSYHRLRDFVLLTTRVVELLGRNLLRGLQKGWEGLKYLGNLLVYWGQELKTSAISLFDATAIATAEWTDRIIEVVQRAWRAVLHIPRRIRQGLERALL,Human immunodeficiency virus 1,human,1,0,Orthomyxoviridae,0,0.5
XPT05908,Lentivirus humimdef1,Retroviridae,China,Homo sapiens,MRVRGIQMNWPGLWKWGIWIIGLVIICSASDNLWVTVYYGVPVWKDADTTLFCASDAKAQLEESHNVWATHACVPTDPNPQEIPLENVTEYFNMWKNNMVEQMHEDVISLWDQSLKPCVKLTPLCVTLRCTNATLKGINATLNGTNTISNSNISIENKTDEVKNCTFNMTTEIRDKQQKVHALFYRLDIVPIGGNSSGNSSNYILINCNTSVIKQACPKVSFDPIPIHYCAPAGYAIMKCNDKKFNGTGPCKNVSTVQCTHGIKPVVSTQLLLNGSLAEEEIIIRAENLTDNAKTIIVHLNESVMISCIRPSNNTRTSTRIGPGQVFYGTGEIIGDIRKAHCEINGTAWNKTLNQVIKKLKEHFGNRTILFKPPSGGDPETTMHHFNCKGEFFYCNTTKLFNSTDNGTMEGLNGTITLPCRIKQIVNLWQGVGQVMYAPPIRGEINCTSNITGILLTRDGGINITNDTETFRPGGGNMKDNWRNELYKYKVIQIEPLGIAPSKARRRVVDRQKRAVGIGAMIFGFLGAAGSTMGAASLTLTVQARQLLSGIVQQQSNLLRAIEAQQHMLQLTVWGIKQLQARLLAVERYLKDQKFLGLWGCSNRIICTTNVPWNSTWSNRSYDEIWENMTWIEWEREINNYTGIIYDLLTESQDQQERNEKDLLELDKWANLWNWFSITNWLWYIRIFIMIVGGLIGLRIVFAVLSIVNRVRQGYSPLSFQTPTHHQREPDRPEGIEEGGGEQGRDRSVRLVSGFLSLFWDDIRNLCLFSYRRLRDLLSIATRTVELLGRGLRRGWEGLKYLGNLLLYWGQELKTSAISLLDATAITTAEWTDRVIEFIQAAWRALLHIPRRIRQGLERSLL,Human immunodeficiency virus 1,human,1,0,Orthomyxoviridae,0,0.5
XPT05934,Lentivirus humimdef1,Retroviridae,China,Homo sapiens,MRVTGIRKNYRHLWKWGTMLLGMLMICSAAENLWVTVYYGVPVWRDATTTLFCASDAKAYDTEVHNVWATHACVPTDPNPQEMVLENVTENFNMWKNEMVDQMHEDVISLWDQSLKPCVKLTPLCVTLNCTDVTHNDTRNVTTVSSNGLYNMTEQMKKCSFNATTVVNDKTQKVNALFYGLDVVQLNDSSGYYTLINCNTSAITQACPKVKFDPIPIHYCTPAGFALLKCNDKKFNGTGPCSNVSTVQCTHGIKPVVSTQLLLNGSLAEGEIVISSKNLTDNAKTIIVHLNESVEIVCTRPGNNTRKSIRIGPGQTFYATGEIIGDIRQAHCNISRKNWNNTLYRVSEKLKEHFQNKTITFNSSSGGDLEITTHSFNCRGEFFYCNTSGLFNGTYNSTFDTNSTDSNITLPCRIKQIINMWQEVGRAMYAPPIAGNITCKSNITGLLLVRDGGNTNTTNTTEETFRPGGGDMRDNWRSELYKYKVVEVNPLGIAPSKARRRVVERQKRAVGLGAVFLGFLGAAGSTMGAASLTLTVQARQLLSGIVQQQSNLLKAIEAQQHMLQLTVWGIKQLQARVLAIERYLKDQQLLGIWGCSGKLICTTSVPWNSSWSNKSYNEIWDNMTWMQWDREINNYTRTIYSLLEDSQIQQEKNEKDLLELDKWNSLWSWFNITHWLWYIKIFIMTVGGLIGLRIIFAVLSIVNRVRQGYSPLSLQTRIPNPGGPDRLRGIEEEGGEQDKDRSIRLVTGFLALAWDDLRNLCLFSYHRLRDFILVTARVVELLGRSSLKGLQRVWEVLKYLGSLVQYWGQELKKSFISLLDALAITVAEGTDRIIEVVQGIGRAIYNIPRRVRQGFEAALQ,Human immunodeficiency virus 1,human,1,0,Orthomyxoviridae,0,0.5
XPT05943,Lentivirus humimdef1,Retroviridae,China,Homo sapiens,MRVTGIRKNYRHLWKWGTMLLGMLMICSAAENLWVTVYYGVPVWRDATTTLFCASDAKAYDTEVHNVWATHACVPTDPNPQEMVLENVTENFNMWKNEMVDQMHEDVISLWDQSLKPCVKLTPLCVTLNCTDVTHKGTNDTLNVTIVSPMGSGLYNMTEQMKNCSFNATTVVNDKKQKVSALFYRLDVVQLNDSSGYNDSSGYYTLINCNTSAITQACPKVKFDPIPIHYCTPAGFALLKCNDKKFNGTGPCSNVSTVQCTHGIKPVVSTQLLLNGSLAEGEIVISSKNLTDNAKTIIVHLNESVEIVCTRPGNNTRKSIRIGPGQTFYATGEIIGDIRQAHCNISRKNWNNTLYRVSEKLKEHFQNKTITFNSSSGGDLEITTHSFNCRGEFFYCNTSGLFNGTYNSTFDTNSTDSNITLPCRIKQIINMWQEVGRAMYAPPIAGNITCKSNITGLLLVRDGGNDGGNTTKETFRPGGGDMRDNWRSELYKYKVVEVNPLGIAPSKARRRVVDRQKRAVGLGAVFLGFLGAAGSTMGAASLTLTVQARQLLSGIVQQQSNLLKAIEAQQHMLQLTVWGIKQLQARVLAIERYLKDQQLLGIWGCSGKLICTTSVPWNSSWSNKSYNEIWDNMTWMQWDREINNYTRTIYSLLEDSQIQQEKNEKDLLELDRWNSLWNWFNITHWLWYIKIFIMIVGGLIGLRIIFAVLSIVNRVRQGYSPLSLQTHIPNPGGPDRLRGIEEEGGEQDKDRSIRLVTGFLALAWDDLRNLCLFSYHRLRDFILVTARVVELLGRSSLKGLQRVWEVLKYLGSLVQYWGQELKKSFISLLDALAITVAEGTDRIIEVVQGIGRAIYNIPRRVRQGFEAALQ,Human immunodeficiency virus 1,human,1,0,Orthomyxoviridae,0,0.5
XPT05952,Lentivirus humimdef1,Retroviridae,China,Homo sapiens,MRVTGIRKNYRHLWKWGTMLLGMLMICSAAENLWVTVYYGVPVWRDATTTLFCASDAKAYDTEVHNVWATHACVPTDPNPQEMVLENVTENFNMWKNEMADQMHEDVISLWDQSLKPCVKLTPLCVTLNCTDVTHKGTNDTHNVTTVSSNGLYNMTEQMKNCSFNATTVVNDKKQKVNALFYRLDVVQLNDSSGYYTLINCNTSAITQACPKVKFDPIPIHYCTPAGFALLKCNDKRFNGTGPCSNVSTVQCTHGIKPVVSTQLLLNGSLAEEEIVISSKNLTDNAKTIIVHLNESVEIVCTRPGNNTRKSIRIGPGQTFYATGEIIGDIRQAHCNISRKNWTNTLYRVSKKLKEHFRKNITFKSSSGGDLEITTHSFNCRGEFFYCNTSGLFNGTYNSTYIDINSTDSNITLPCRIKQIINMWQEVGRAMYAPPIAGNITCKSNITGLLLVRDGGNGNTTGTEETFRPGGGDMRDNWRSELYKYKVVEVNPLGIAPSKARRRVVDRQKRAVGLGAVFLGFLGAAGSTMGAASLTLTVQARQLLSGIVQQQSNLLKAIEAQQHMLQLTVWGIKQLQARVLAIERYLKDQQLLGIWGCSGKLVCTTSVPWNSSWSNKSYNEIWDNMTWMQWDREINNYTSTIYSLLEDSQIQQEKNEKDLLELDKWNSLWSWFNITNWLWYIRIFIMIVGGLIGLRIIFAVLSIVNRVRQGYSPLSLQTRIPNPGGPDRLRGIEEEGGEQDKDRSIRLVTGFLALAWDDLRNLCLFSYHRLRDFILVTARVVELLGRSSLKGLQRVWEVLKYLGSLVQYWGQELKKSFISLLDTLAITVAEGTDRIIEVVQGICRAIYNIPRRIRQGFEAALQ,Human immunodeficiency virus 1,human,1,0,Orthomyxoviridae,0,0.5
XPT05968,Lentivirus humimdef1,Retroviridae,China,Homo sapiens,MRVMGTGRNYQQWIWGVLGFWMLMMCNMEGNLWVTVYYGVPVWKEANTTLFCASDAKAYKTEVHNIWATHVCVPTDPNPQEMVIVNVTENFNMWKNDMVNQMHKDIISLWDQSLKPCVKLTPLCVTLKCTNVSKNGTVDNSTHNEMKNCSFNVTTMLRDKKESVYALFYRLDIVPLNNKTNETSEYILINCNTSTIAQACPKVSFDPIPIHYCTPAGYAILKCNDKNFTGAGQCRNVSTIQCTHGIKPVVSTQLLLNGSLAEEEIIIKAENLTDNVKTIIVHLNESVEIVCMRPNNNTRKSIRIGPGQAFYATGDIIGDIRQAHCNISAQNWTETLRRVSKKLAEHFPNKTINFTSSSGGDLEITMHSFNCMGEFFYCNTSGLFNSTYLSNGTYLFNGTDNRTYNDTKITLPCRIKQIINMWQEVGRAMYAPPIAGNITCRSNITGLLLVRDGGNDTGTNNTEIFRPGGGDMKDNWRNELYNYKVVEIKPLGLAPTGAKRRVVEREKRAVGRGALFLGFLGAAGSTMGAAAVTLTVQARQLLSGIVQQQSNLLQAIEAQQHMLQLTVWGIKQLQARVLAIERYLKEQQLLGIWGCSGKLICTTAVPWNSSWSNKSYNEIWDNMTWMQWDKEISNYSDTIYRLLEKSQTQQEENEKELLALDSWKNLWSWFNISNWLWYIKIFIMIVGGLIGLRIILTVLSVVNRVRQGYSPLSFQILTPNPGGPDRLRRIEEEGGEQDKDRSTRLVSGFLALAWDDLRSLFLFSYHRLRDLISLTARGVELLGRNSLRGIQRVWEAIKYLGSLVQYWGLELKKSAISLFDTIAITVAEGTDRIIVIIQRLCRAFCNIPRRIRQGLEAALQ,Human immunodeficiency virus 1,human,1,0,Orthomyxoviridae,0,0.5
XPT05986,Lentivirus humimdef1,Retroviridae,China,Homo sapiens,MRVRETQRNWPSLWKWGTLILGLVIMCSASNNLWVTVYYGVPVWRDADTTLFCASDAKAHSPEVHNVWATYACVPTDPNPQEILLENVTENFNMWKNNMVKQMQEDVISLWDQSLKPCVKLTPLCVTLHCTDAVSNSSSNSTSNNSSSNSSLGNNMEMKNCSFNTTTVVRDKKKEVYALFYKLDIRPLKDSDNNSSDNTSYILINCNTSAITQACPKVTFDPIPIHYCTPAGYALLKCNDDRFNGTGPCHNVSSVQCTHGIKPVVSTQLLLNGSLAEKEIIIRSENLTNNAKTIIVQLKKSVEIVCTRPNNNTRKSIRIGPGQTFYATGEIIGNIRQAHCNISKKDWEETLQNVSEKLREHFQNKTIKFTSSSGGDLEITTHSFNCRGEFFYCNTSGLFNKTYNGTHNPTAGNETITIPCKIKQFINLWQEVGRAMYAPPIAGNITCKSNITGILLVRDGGLSNVTNDTETFRPGGGDMRDNWRSELYKYKVVEVKPLGVAPTGAKRRVVEREKRAVGIGAVFLGFLGVAGSTMGAASVALTVQARQLLSGIVQQQNNLLRAIEAQQHMLQLTVWGIKQLQARVLAIERYLQDQQLLGIWGCSGKLICTTAVPWNSSWSNKSLNEIWDNMTWLQWDQEISNYTATIYRLLEVSQNQQERNEKDLLALDKWETLWNWFSITNWLWYIKIFIMIVGGLIGLRIIFAVLSIVNRVRQGYSPLSFQTPLHQQRELDRPEGIEEEGGEQGRDRSVRLVSGFLALVWDDLRSLCLFSYRRLRDFILIVARTVELLGRSSLKGLRQGWEGLKYLGNLLSYWVRELKISAISLFDAAAVAVGGWTDRAIEAVQIIGRAILHIPRRIRQGLERALL,Human immunodeficiency virus 1,human,1,0,Orthomyxoviridae,0,0.5
XPT06014,Lentivirus humimdef1,Retroviridae,China,Homo sapiens,MRVTGIRRNYQHLWKWGILLFWIMVISSAAEKRWVTVYYGVPVWKEANTTLFCASDAKGYEREVHNVWATHACVPTDPSPQEYVLENVTENFNMWKNEMVTQMHEDVISLWDQSLKPCVKLTPLCVTLECTNANFSRNGTVNGAYLRKEMEQEIKNCSFNVTTVVSDRHKKEFALFYRIDIVPLAENSSSQNSSEYRLINCNTSAITQSCPKVTFDPIPIHYCTPAGYVILKCNNKTFNGTGPCNNVSTVQCTHGIKPVVSTQLLLNGSLAEEEIIIRSENLTNNAKTIIVHLNQSVEIVCTRPGNNTRKSIGIGPGRAFYATGDIIGDIRKAYCYINETIWNETLYRVSKKLAGYFPNNTINFTSSSGGDLEITTHSFNCRGEFFYCDTSSLFNSTYMTNGTFILNGKTEGNSSSNITIPCRIKQIINMWQEVGRAMYAPPIAGNITCKSNITGLLVVRDGGHNNESDESNRTKTEIFRPQGGDMRDNWRSELYKYKVVEIKPLGIAPTTAKRRVVDVNREKRAVGLGAVFLGFLGVAGSTMGAASITLTVQARQLLSGIVQQQSNLLRAIEAQQHLLQLTVWGIKQLQTRVLAIERYLKDQQLLGIWGCSGKIICPTDVPWNSSWSNKSREQIWDNMTWMQWDREISNYTNTIYRLLEESQIQQEKNEQDLLALDRWDSLWNWFNITNWLWYIRIFIMIVGGLVGLRIIFAVLSIVNRVRQGYSPLSFQTLTPNPREPDRPGGIEEGGGGQDRGRSIRLVSGFLALAWDDLRSLCLFSYHRLRDFILVTARVVELLGRSSLQGLQRGWEACKYLGSLVQYWGQELKKSAISLIDTLAIVVGEGTDRVIRGIQGLCRAIYHIPTRIRQGFEAALQ,Human immunodeficiency virus 1,human,1,0,Orthomyxoviridae,0,0.5
XPT06023,Lentivirus humimdef1,Retroviridae,China,Homo sapiens,MRAMGIRRNYWHLWKWGTMLLGILMMSKAAEDLWVTVYYGVPVWREATTTLFCASDAKAYEKEVHNVWATHACVPTDPNPQEMVMENVTENFNMWKNEMVNQMHEDVISLWDQSLKPCVKLTPLCVTLECKNVSRRNVSNDNNNGTANDADHEKEMKEEEMKNCSFMANTELRDKKQKVYALFYRLDIVPLERNSSKNVSEYRLINCNTSAITQACPKVTFDPIPIHYCAPAGYAILKCNNKTFNGTGPCNNVSTVQCTHGIKPVVSTQLLLNGSLAEEEIIIRSENMTNNVKTIIVHLNQSVEIECTRPNNNTRKSIRIGPGQTFYATGEIIGDIRQAYCNISKDRWNETLQKVVRKLAEYFPRPIKFASSSGGDLEITTHSFNCRGEFFYCNTSGLFNSMYMPNGTYNGTGSNSSSIIIPCRIKQIINMWQEVGRAMYAPPIAGNITCKSNITGLLLVRDGGLNSSEEIFRPGGGDMRDNWRSELYKYKVVEIKPLGIAPTKAKRRVVEREKRAAGIGAVFLGFLGVAGSTMGAASLTLTVQARQLLSGIVQQQSNLLRAIEAQQHLLQLTVWGIKQLQTRVLAIERYLKDQQLLGIWGCSGKLICPTAVPWNSSWSNKTQEQIWDNMTWMQWDKEISNYTDTIYRLLEDSQNQQEKNEKDLLAFDSWNSLWSWFNITSWLWYIRIFIIIVGGLIGLRIIFAVLSIVNRVRQGYSPLSFQILTPNPREPDRPGRIEEGGGEQDRDKSIRLVNGFLALAWDDLRNLCLFSYHRLRDFISVTARVVELLGRSSLKGLQRGWEACKYLGNLVQYWGQELKKSAISLVDTLAIVVAEGTDRIIRVVQGFCRAIYHIPTRIRQGFEAALQ,Human immunodeficiency virus 1,human,1,0,Orthomyxoviridae,0,0.5
XPT06054,Lentivirus humimdef1,Retroviridae,China,Homo sapiens,MRVMGIRKNWHFWRWGTLLLGMLMISSAAKDLWVTVYYGVPVWKDATTTLFCASDAKAYETEVHNIWATHACVPTDPNPQEMALINVTENFNMWKNEMVDQMQEDVISLWDEFLKPCVKLTPLCVTLECKNVNYNITHNETQEMKNCSFNITTELRDKKKKEYALFYRIDIVPLNSTEQNSSEYRLINCNTSAITQACPKVNFDPIPIHYCAPAGYAILLCKNKTFNGTGPCNNVSTVQCTHGIKPVVSTQLLLNGSLAEKDIIVRSENLTNNVKTIIVHLNESVEIVCTRPSNNTRRSVRIGPGQTFYATGEIIGDIRQAHCNISIDKWNATLRRVSEKLAEHYPNKTIKFTAPSGGDLEITTHSFNCRGEFFYCNTSRLFNSTYNSTSGLSYNVSISSNETITIQCKIKQIINMWQEVGRAMYAPPIEGNITCKSNITGLLLVRDGGNGNETTEIFRPGGGDMRDNWRSELYKYKVVEIKPLGIAPTEAKRRVVEREKRAVGIGALFLGFLGAAGSTMGAASLTLTVQARQLLSGIVQQQSNLLRAIEAQQHMLQLTVWGIKQLQARVLAIERYLKDQQLLGIWGCSGKLICTTTVPWNSSWSNKSYDEIWENMTWMQWDKEINNYTYTIYRLLEESQNQQEENEKDLLALDSWNSLWNWFSITRWLWYIKIFIMVVGGLIGLRIIFAVLSIVNRVRQGYSPLSLQTLIPNPREPDRPRGIEEEGGEQDRDRSIRLVSGFLALFWDDLRNLCLFSYHRLRDCILVTLRVVQLLGRRGWETLKYLKSLVQYWGQELKKSAISLLDTLAITVAEGTDRIIEIVQRFCRAIYNIPRRIRQGFEAALQ,Human immunodeficiency virus 1,human,1,0,Orthomyxoviridae,0,0.5
XPT06072,Lentivirus humimdef1,Retroviridae,China,Homo sapiens,MKVKETQMNWPNLWKWGTLILGLVMICSASDKLWVTVHYGVPVWRDANTTLFCASDAKAHETEVHNVWATHACVPTDPNPQEINLENVTENFNMWKNNMVEQMQEDVINLWDQSLKPCVTLTPLCVTLKCSVWNGTNSNNTANVTNSKNLTNELSKEIRNCTFNMTTEIRDKKQKVHALFYRLDLVPIGNSSSEDENSNSSREYMLIHCNTSVIKQACPKVSFDPIPIHYCTPAGYALLKCNDKNFTGTGPCKNVSSVQCTHGIKPVVSTQLLLNGSLAEEEIIIKSENLTNNAKTIIVHFNKSVEINCTRPSNNTRKRMTIGPGHVYYRTGEIIGDIRKAHCNISRTRWFEALNQTAEKLKKHFNRTINFQPHSGGDIEITMHHFNCRGEFFYCNTSQLFTYNGATYNGTTYNATNDTITLPCRIKQIVNMWQGVGQVMYAPPISGIIKCKSNITGILLTRDGGNNNTGNETFRPEGGNIKDNWRSELYKYKVVEIEPLGIAPTKAKRRVVERQKRAVGIGAMIFGFLGAAGSTMGAASLTLTVQARQLLSGIVQQQSNLLRAIEAQQHMLQLTVWGIKQLQARVLAVERYLKDQQFLGLWGCSGKIICTTSVPWNSSWSNKSYEEIWDKMTWTEWEREISNYTNQIYELLTESQTQQDINEKELLELDKWASLWNWFNITNWLWYIKIFIIIVGSLIGLRIIFAVLSIVNRVRQGYSPLSLQIPTHHQKEPGRPEEIGEEGGEQGRDRSVRFVGGFLALAWDDLRSLCLFSYHLLRDSVLIAARTVELLGHSSLKGLRRGWEGLKYLGNLLSYWGQELKTSAISLFDATAIAIAGWTDRVIEVAQRAWRALLNIPRRIRQGLEGALQ,Human immunodeficiency virus 1,human,1,0,Orthomyxoviridae,0,0.5
XPT06081,Lentivirus humimdef1,Retroviridae,China,Homo sapiens,MKVKETQMNWPNLWKWGTLILGLVMICSASDKLWVTVHYGVPVWRDANTTLFCASDAKAHETEVHNVWATHACVPTDPNPQEINLENVTENFNMWKNNMVEQMHEDVINLWDQSLKPCVKLTPLCVTLKCSAWNKTNSSNTELNKEISNCTFNMTTEIRDKKQKVHALFYKLDLVPIRNSNSKDNSSSEYMLINCNTSVIKQACPKVSFDPIPIHYCTPAGYAIFKCNDKNFTGTGPCKNVSSVQCTHGIKPVVSTQLLLNGSLAEEEIIIRSENLTNNAKTIIVHFNKSVEINCTRPSNNTRKSMTIGPGQVFYRTGDIIGDIRQAHCNINGTKWFEALNQTAEKLKKHFNRTINFQPHSGGDIEITMHHFNCRGEFFYCNTSQLFTYNGTTYNGTTDNDTISLPCRIKQIVNMWQGVGQVMYAPPISGTINCVSNITGILLTRDGGNNSTDNETFRPEGGNIKDNWRSELYKYKVVEIEPLGIAPTKAKRRVVERQKRAVGIGAMIFGFLGAAGSTMGAASLTLTVQARQLLSGIVQQQSNLLRAIEAQQHMLQLTVWGIKQLQARVLAVERYLKDQKFLGLWGCSGKIICTTSVPWNSSWSNKSYEEIWNNMTWTEWEREISNYTNQIYELLTESQNQQDMNEKELLELDKWASLWNWFDITSWLWYIKIFIIIVGSLIGLRIIFAVLSIVNRVRQGYSPLSLQIPTHHQKEPGRPEEIGEEGGEQGRDRSVRFVGGFLALAWDDLRSLCLFSYHLLRDSVLIAARTVELLGHSSLKGLRQGWEGLKYLGNLLSYWGQELKTSAISLFDAIAITVAGWTDRVIEVAQRAWRAFLNIPRRIRQGLERTLQ,Human immunodeficiency virus 1,human,1,0,Orthomyxoviridae,0,0.5
XPT06090,Lentivirus humimdef1,Retroviridae,China,Homo sapiens,MKVKETQMNWPNLWKWGTLILGLVMICSASDKLWVTVHYGVPVWRDANTTLFCASDAKAHETEVHNVWATHACVPTDPNPQEINLENVTENFNMWKNNMVEQMQEDVINLWDQSLKPCVTLTPLCVTLKCSVWNGTNSNNTANVTNSKNLTNELSKEIRNCTFNMTTEIRDKKQKVHALFYRLDLVPIGNSSSEDENSNSSREYMLIHCNTSVIKQACPKVSFDPIPIHYCTPAGYALLKCNDKNFTGTGPCKNVSSVQCTHGIKPVVSTQLLLNGSLAEEEIIIRSENLTNNAKTIIVHFNKSVEINCTRPSNNTRKRMTIGPGHVYYRTGEILGDIRKAHCNISRTRWFEALNQTAEKLKKHFNRTINFQPHSGGDIEITMHHFNCRGEFFYCNTSQLFTYNGATYNGTTYNATNDTITLPCRIKQIVNMWQGVGQVMYAPPISGIIKCKSNITGILLTRDGGNNNTGNETFRPEGGNIKDNWRSELYKYKVVEIEPLGIAPTKAKRRVVERQKRAVGIGAMIFGFLGAAGSTMGAASLTLTVQARQLLSGIVQQQSNLLRAIEAQQHMLQLTVWGIKQLQARVLAVERYLKDQQFLGLWGCSGKIICTTSVPWNSSWSNKSYEEIWDKMTWTEWEREISNYTNQIYELLTESQTQQDINEKELLELDKWASLWNWFNITNWLWYIKIFIIIVGSLIGLRIIFAVLSIVNRVRQGYSPLSLQIPTHHQKEPGRPEEIGEEGGEQGRDRSVRFVGGFLALAWDDLRSLCLFSYHLLRDSVLIAARTVELLGHSSLKGLRRGWEGLKYLGNLLSYWGQELKTSAISLFDATAIAIAGWTDRVIEVAQRAWRALLNIPRRIRQGLEGALQ,Human immunodeficiency virus 1,human,1,0,Orthomyxoviridae,0,0.5
XPT06099,Lentivirus humimdef1,Retroviridae,China,Homo sapiens,MRVTGTKRNWHLWRWGTMLLGLLMICSAAGNLWVTVYYGVPVWKEATTTLFCASDAKAYVAEAHNVWATHACVPTDPNPQEIFLKNVTENFNMWKNEMVNQMHEDVISLWEQSLKPCVKLTPLCVTLNCTNVNSNSSSNSNNSNGTLENMQEMKNCSFNTTTELRDKKQKVHALFYKLDIVPLSGKSDNNSSGYRLINCNTSAITQACPKVSFDPIPIHYCTPAGYGILKCKDKRFNGTGPCHNVSSVQCTHGIKPVVSTQLLLNGSLAEEEIIVRSENLTDNAKTIIVHLNNSVEIICTRPNNNTRKSIRIGPGQTFYATGEIIGDIRQAHCNISGKIWKETLLNVSKKLAEHFQNKTIQFNSSSGGDLEITTHSFNCGGEFFYCNTSGLFNSTYMPNGTFTFMFSNDTFNGTESSSTITIPCRIKQIINMWQEVGRAMYAPPIEGNITCKSKITGLLLVRDGGDESNDTEIFRPGGGDMRDNWRSELYKYKVVEIKPLGVAPTGAKRRVVEREKRAVGIGAVFLGFLGVAGSTMGAASMALTVQVRQLLSGIVQQQNNLLRAIEAQQHMLQLTVWGIKQLQTRVLAIERYLKDQQLLGIWGCSGKLICTTNVPWNSSWSNRTQAEIWENMTWMQWDKEINNYTDIIYTLLEVSQNQQERNEKDLLALDSWKNLWNWFDITNWLWYIKIFIMIVGGLIGLRIIFAVLSIVNRVRQGYSPLSLQTLIPNPGGPDRPGGIEEEGGEQGRDRSIRLVNGFLTLVWDDLRNLLLFSYRRLRDCVLVTARVVELLGHNSLKGLQRGWEALKYLGSLVQYWDQELKKSIISLFDTIAIAVAEGTDRIIEAVQRLYRAIYNIPRRIRQGLERALL,Human immunodeficiency virus 1,human,1,0,Orthomyxoviridae,0,0.5
XPT06107,Lentivirus humimdef1,Retroviridae,China,Homo sapiens,MRVTGIRKNCWQLWTWGTMLLGMWMICNAAGNLWVTVYYGVPVWKEATTTLFCASDAKAYDTEAHNVWATHACVPTNPDPQEIPLNVTENFNMWKNDMVDQMHEDVISLWDQSLKPCVKLTPLCVTLNCTDVRNNSNSNETLKDTGMKNCSFNTTTELRDKEKNEYALFYKLDIVSLNDSSNNSTYRLINCNTSAMTQACPKVTFDPIPIHYCTPAGYAILRCNSKTFNGTGPCHNVSTVQCTHGIKPVVSTQLLLNGSLAEEEIVIRSENLTDNAKTIIVHLNQSVEITCTRPNNNTRKSIRIGPGQTFYATGGIIGDIRKAHCNITRDKWNRMLQNVSNKLAELFPNKTINFTSPAAGGDLEITMHSFNCRGEFFYCNTSGLFNGTYMFNGTYNSTDNSNITIPCRIKQIINMWQGVGRAMYAPPIAGNITCKSNITGLLLTRDGGINNTSDTEIFRPGGGDMRDNWRSELYKYKVVEIKPLGVAPTTAKRRVVEREKRAVTLGAMFLGFLGAAGSTMGAASTALTVQARQLLSGIVQQQSNLLRAIEAQQHMLQLTVWGIKQLQTRVLAIERYLKDQQLLGIWGCSGKLICTTAVPWNDSWSNKSQQEIWGNMTWMQWDKEIDNYTNKIYELLEESQIQQDRNEKDLLALDSWKNLWNWFSISNWLWYIKIFIMIVGGLIGLRIIFTVLSIVNRVRQGYSPLSLQTLIPSPRGPDRLERIGEEGGEQDRERSIRLVQGFLALAWDDLRNLCLFSYHRLRDFILVTARVVELLGRRGWEALKYLGSLVQYWGQELKKTTISLVDTLAIIVGEGTDRIIKGAQRFCRAICSIPRRIRQGFEAALQ,Human immunodeficiency virus 1,human,1,0,Orthomyxoviridae,0,0.5
XPT06133,Lentivirus humimdef1,Retroviridae,China,Homo sapiens,MRVMGTRRNWQCWRWGTMLLGMLMICRVVGNLWVTVYYGVPVWQEATTTLFCASDAKAYETEKHNVWATHACVPTDPNPQELFLENVTENFNMWKNGMVDQMHEDVISLWDQSLKPCVKLTPLCVTLNCTDVNKNYTAINNASDENWKMTNCSFNTTTVVKDKKQKDFALFYKLDVVPIDKDSNTSYRLINCNTSAITQACPKVSFDPIPIHYCAPAGYAILKCNNKTFNGTGPCNNVSTVQCTHGIKPVVSTQLLLNGSLAEGEIIIRSANLSDNAKTIIVQLNKPVEINCTRPGNNTRKSVRIGPGQAFYATGDIIGNIRQAHCNISEAKWNKTLQEVGKKLTKLFSNKTITFTSSSGGDLEITTHSFNCGGEFFYCNTSGLFNGTYNATYNSTEESSNSTITIPCKIKQIINMWQEVGRAMYAPPIAGNITCISKITGLLLVRDGGDGGTGVNGTETFRPQGGDMRDNWRSELYKYKVVEIKPLGVAPTKAKRRVVEREKRAVGLGAVFLGFLGAAGSTMGAASITLTVQARQLLSGIVQQQSNLLQAIEAQQHLLQLTVWGIKQLQARVLAIERYLQDQQLLGIWGCSGKLICTTNVPWNSSWSNRSEDDIWKNMTWMQWDREINNYTSTIYWLLKESQIQQEKNEQDLLALDSWNNLWNWFSLANWLWYIKIFIMIVGGLIGLRIIFAVLSVVNRVRQGYSPLSLQTLIPNPAGPDRLGRIEEGGGEQDRDRSTRLVSGFLALAWDDLRNLCLFLYHRLRDLLLLTTRVVELLGRTCLKGLQRGWETLKYLRSLVQYWGQELKKSAISLFDATAIAVAEGTDRIIELVQGFCRAIYNIPRRIRQGFEAALQ,Human immunodeficiency virus 1,human,1,0,Orthomyxoviridae,0,0.5
XPT06144,Lentivirus humimdef1,Retroviridae,China,Homo sapiens,MRVMGIRRNYQQWWIWGVLGFWMLMICNTELWVTVYYGVPVWKEARTTLFCASNAKAYDTEVHNVWATHACVPTDPDPQEIVINVTENFNMWNNDMADQMHEDIISLWDQSLKPCVKLTPLCVTLECGNATVNGTISDEMKNCSFNVTTLLRDKKEKMFALFYRLDIVTLNDGNSSQNSSGYYRLINCNTSAITQACPKVSFDPIPIHYCTPAGYALLKCNNKTFNGTGPCHNVSTVQCTHGIKPVVSTQLLLNGSLAEGEILIKSKNLTDNAKTIIVHLNESVEINCTRPNNNTRKSIRIGPGQMFYATGDIIGNIREAHCNISKTKWENTLWKVSKKLAEHFPNKTINFTSPSGGDLEIITHSFNCRGEFFYCNTSKLFNSTYMPNGTFMTYNDTGDNSTITIPCKIKQIINMWQKVGRAMYAPPIAGIITCNSNITGLLLQRDGGNTNITNNTEIFRPGGGDMRDNWRNELYKYKVVEIKPLGIAPTGAKRRVVQREKRAVGIGAMFLGFLGAAGSTMGAASLTLTVQARQLLSGIVQQQSNLLRAIEAQQHMLQLTVWGIKQLQTRVLAIERYLKDQQLLGIWGCSGKLICTTAVPWNSSWSNKSQKEIWENMTWMQWDKEVSNYTNTIYRLLEESQNQQEKNENDLLALDSWKNLWSWFDITNWLWYIKIFIMIVGGLIGLRIIFAVLSIVNRVRQGYSPLSFQTPNPNPGGLDRLERIAEEGGEQDKTRSIRLVHGFLALAWDDLRNLCLFSYRHLRDLILLTARGVELLGRNSLKGLQRGWEALKYLGSLVQYWGQELKKSAIRLLDTTAIAVAEGTDRIINLVQSICRAIRNIPRRIRQGFETVLQ,Human immunodeficiency virus 1,human,1,0,Orthomyxoviridae,0,0.5
XPT06287,Lentivirus humimdef1,Retroviridae,China,Homo sapiens,MRVTGIKKNYQHLWIGGTLLLGMLMICSVVGNLWVTVYYGVPVWRDATTTLFCASDAKAYDTEVHNVWATHACVPTDPNPQEMRLANVTENFNMWKNEMVDQMHEDVISLWDQSLKPCVKLTPLCVTLECSSVNTTGNGSLEDRREMKNCSFNATTLLRDKKNTEYALFYRIDIVPLTNSSDDSNDNSSAEYRLINCNTSAMTQACPKVTFDPIPIHYCTPAGFAILKCNDKTFNGTGPCNNVSTVQCTHGIKPVVSTQLLLNGSLAEEDIVIRSQNLTNNAKTIIVHLKEPVKIVCIRPNNNTRKSIRIGPGQTFYATGGIIGNIRQAYCNISEASWNRTLQMVGKKLAERFPNKTINFTTPSGGDLEITTHSFNCRGEFFYCNTSKLFNSTYMPNVTDIHNSTDIHNNTRNITIPCKIKQIINMWQEVGRAMYAPPIAGEITCTSNITGLLLVRDGGPNSTTETFRPGGGDMRDNWRSELYKYKVVEIKPLGIAPTAAKRRVVEREKRAVGLGAAFLGFLGVAGSTMGAASVTLTVQARQLLSGIVQQQSNLLKAIEAQQHLLQLTVWGIKQLQARVLAMERYLRDQQLLGIWGCSGKLICTTAVPWNSSWSNKSYKDIWDNMTWMQWDKEISNYTDTIYRLLEESQSQQENNEKDLLALDSWKNLWSWFDITNWLWYIRIFIMIVGGLIGLRIIFAVLSIVNRVRQGYSPLSFQTLIPNPGEPDRLRRIEEEGGEPGKGRSIRLVTGFLALAWDDLRNLCLFSYHRLRDFISVTARVVELLGRSSLKGLQRGWEALKYLGSLVQYWVQELKKSAISLLDTIAIAVAEGTDRIIEVVQRICRAIYNIPRRIRQGFEAALQ,Human immunodeficiency virus 1,human,1,0,Orthomyxoviridae,0,0.5
XPT06296,Lentivirus humimdef1,Retroviridae,China,Homo sapiens,MRVMGIKKNWHLWRWGTMLLGMLMICSAADLWVTVYYGVPVWRDADTTLFCASDAKAHDTEKHNVWATHACVPTDPNPQEIHLENVTENFNMWKNNMVEQMQEDVISLWDQSLKPCVKLTPLCVTLNCNKANLNSTMTNTNFSIGNITDEVKNCTFNMTTEIKGKMQKVHALFYTLDIVAMGGDNSSEYRLTSCNTSVIKQACPKVSFDPIPIHYCTPAGYAILKCNDKKFNGTGPCKNVSTVQCTHGIKPVVSTQLLLNGSLAEEKIIIRSENLTNNVKNIIVHLNKTVKINCTRPSNNTIISTRIGPGATFYRTGDIIGDIRKAYCEINGTEWNEALNQVTKELKKHFNKTIVFNPPSGGDIETTMLHFNCRGEFFYCNTTKLFNSTENGTREEYNDTIILPCRIKQIINMWQGVGQAMYAPPISGIINCMSNITGILLTRDGGPNDNNTEIFRPGGGNIKDNWRSELYKYKVVQIEPIGIAPTKAKRRVVSREKRAVGIGAMIFGFLGAAGSTMGAASVTLTVQARQLLSGIVQQQSNLLRAIEAQQHLLQLTVWGIKQLQARVLAVERYLKDQKFLELWGCSGRTICTTTVPWNSTWSNKSYEEIWQNMTWIEWEREISNYTSTIYGILMESQNQQEINEKDLLELDKWASLWSWFDISNWLWYIRIFIMIIGGLIGLKIIFAVLSIVNRVRQGYSPLSLQTHLPNPGGPDRLGRIEEEGGEQGRDRSVRLVSGFLALAWDDLRSLCLCSYRHLRDLILIATRTVELLGKGLRRGWEGLKYLGNLLLYWGQELKTSATSLLNAIAVTVAEGTDRVIEVVQRLGRAIYHIPRRIRQGLEAALQ,Human immunodeficiency virus 1,human,1,0,Orthomyxoviridae,0,0.5
XPT06317,Lentivirus humimdef1,Retroviridae,China,Homo sapiens,MRVKETQMNWPNLWKWGTLILGLGIICSAAENLWVTVYYGVPVWKDAETTLFCASDAKAHETEVHNIWATHACVPTDPNPQEIPLVNVTENFNMWKNKMVEQMQEDVISLWDQSLKPCVKLTPLCVTLNCTNATLTNSTSVSKEDCPQVNKTNKGCYTTDEVRNCSFSMTTEIRDRKQRVHALFYKLDVVQIDKNNNSVYRLINCNTSVIKQACPKISFDPIPIHYCAPAGYAILKCNDKNFKGTGQCKNVSSVQCTHGIKPVVSTQLLLNGSLAEQEIVIRSENLTNNAKTIIVHLNKSVAINCTRPSNNTRTSMTIGPGQVFYRTGDIVGDIRKAHCEINGTNWFKALKQVAGKLKEHFNKAIIFKPHSGGDPEITMHHFTCRGEFFYCNTSNLFKKIYDGNKTTEESNDTNIILPCRIKQIINMWQGVGQAMYAPPISGQINCVSNITGILLTRDGGTNSTNETFRPAGGDIKDNWRSELYKYKVVQIEPLGIAPTRAKRRVVEREKRAVGIGAMIFGFLGAAGSTMGAASITLTVQARQLLSGIVQQQSNLLRAIEAQQHLLQLTVWGIKQLQARVLAVERYLKDQKFLGLWGCSGKIICTTAVPWNSTWSNRSFEEIWDNLTWIEWEREISNYTNKIYELLTESQNQQDRNEKDLLELDKWTSLWSWFSITNWLWYIKIFIIIVGGLIGLRIIFAVLSIVNRVRQGYSPLSRQIPTHQQREPDRPEGIEEEGGEQGRDRSVRLVSGFLSLAWDDLRSLCLFSYRLLRDFSLIAARTVELLGRRILQGLRLGWEGLKYLGNLLLYWGQELKISAISLLDATAITVAGWTDRVIEAAQTAWRAILHIPRRIRQGLERALL,Human immunodeficiency virus 1,human,1,0,Orthomyxoviridae,0,0.5
XPT06326,Lentivirus humimdef1,Retroviridae,China,Homo sapiens,MRVMGIKKNWHLWRWGTMLLGILMICSAAGNLWVTVYYGVPVWKDATTTLFCASDAKAYDTEVHNVWATHACVPTDPNPQEVDLENVTENFNMWKNEMVNQMHEDVISLWDQSLKPCVKLTPLCVTLNCTDVIKNSSISNSSSFNNNTDMKNCSFNTTTVVRDKQQKVTALFYKLDIVPLDNSSTYRLINCNTSAITQACPKVSFDPIPIHYCTPAGYVLLKCKDEKFNGTGPCHNVSSVQCTHGIKPVVSTQLLLNGSLAEEDIIIRSENLTNNAKTIIVHLNKSVEIVCIRPNNNTRKSIRIGPGQAFYATGDIIGDIRRAYCNINRQDWEETLSNVSIKLREHFQNKTIQFNSSSGGDLEITMHSFNCRGEFFYCNTSGLFNHTYNGTYNGTLKGGTGNRTETITIPCRIKQIINMWQEVGRAMYAPPIEGNITCRSNITGLLLVRDGGEESNGTEIFRPGGGDMRDNWRSELYKYKVVEIKPLGIAPTKAKRRVVEREKRAALGAMVLGFLGVAGSTMGAASVALTVQARQLLSGIVQQQNNLLRAIEAQQNMLQLTVWGIKQLQTRVLAIERYLRDQRILGIWGCSGKVICTTAVPWNSSWSNKSETEIWENMTWMQWEKEISNYTDTIYKLLEDSQIQQEKNEKDLLALDSWNNLWSWFDITRWLWYIKIFIMIVGGLIGLRIIFAVLSIVNRVRQGYSPLSLQTHIPNPGGPDRLGRIEEEGGEQDRDRSIRLVNGFLALAWDDLRNLCLFSYHRLRDFVLVTARVVELLGRSCLRGLQRGWEALKYLGSLVQYWSQELKKSAISLLDTIAIAVAEGTDRIIEVGQGICRAIYNIPRRIRQGLETV,Human immunodeficiency virus 1,human,1,0,Orthomyxoviridae,0,0.5
XPT06340,Lentivirus humimdef1,Retroviridae,China,Homo sapiens,MRVTGIRKNCQHLWKWGTMLLGMLMICSAAEQLWVTVYYGVPVWKEAKTTLFCASDAKAYETEKHNVWATHACVPTDPNPQEVVLENVTENFNMWKNDMVEQMHEDIISLWDQSLKPCVKLTPLCVTLKCTNITNYNQNMTNSNQTNSMSNSTQTNNITMEEGTMKNCSFNITSSINNKIRKEYALFYRNDIVPIDNNDSTSYMLISCNTSVITQACPKISFEPIPIHYCAPAGFAILKCNDKRFNGSGPCTNVSTVQCTHGIKPVVSTQLLLNGSLAEKEVIVRSKNITDNAKTIIVQLNESVVINCIRPGNNTRKSIHMGSGRTFFAHRNRKIIGDIRQAHCNISREQWNNTLKRVARKLQEQFKNKTIVFDQPTGGDLEIVMHSFTCGGEFFYCNTAPLFNRSWSFNSSWPNSTEESNKNSTGNGTITLQCRIKQIINMWQQVGKALYAPPVSGNISCLSNITGLLLTRDGGYNVSNETETFRPGGGDMKDNWRSELYKYKVVKIEPLGLAPTKAKRRVVQREKRAVGLGVLFLGFLGAAGSTMGAAALTLTVQARQLLSGIVQQQNNLLQAIEAQQRMLQLTVWGIKQLQARVLALERYLRDQQLLGIWGCSGKIICNTAVPWNTSWSNKTLGEIWDNMTWIQWEKEIDNYTSIIYNLLEESQNQQEKNEQELLELDKWASLWNWFNITKWLWYIKIFIMIVGGLVGLRIIFAVLSIVNRVRQGYSPLSLQTHPPHQRDPDRPEGIEEGGGEQDRGRSVRLVSGFLALAWEDLRSLCLFSYHRLRDLILVTARTVELLGHSSLKGLRLGWEGLKYLGNLLVYWSQELKTSAISLFDATAIAVAGWTDRVIETGQRAWRAFIHIPRRIRQGLERALQ,Human immunodeficiency virus 1,human,1,0,Orthomyxoviridae,0,0.5
XPT06353,Lentivirus humimdef1,Retroviridae,China,Homo sapiens,MRVMGIRKNYQPCWKWGMLLLGMLMIYNVAGKNVTGKLWVTVYYGVPIWKEATTTLFCASDAKGYEREVHNVWATHACVPTDPNPQEIALVNVTEDFNMWKNDMVEQMQEDVISLWDESLKPCVKLTPLCVILNCTDVNNASTPTTTSTPSVTYPKGRKDMQNCSFDTTTELRDKRKKEYALFYKLDIAPYYGGNSSNNSSNSSSYTLINCNTSALTQACPKVSFDPIPIHYCAPAGYAILKCNETGFNGTGKCKNVTTVQCTHGIRPVVSTQLLLNGSLAREDIIISSENLTNNAKTIIVHLNASVEINCTRPGNNTRKSMRIGPGQTFYATGDIIGDIRQAHCNISKDDWNKTLQRVSKKLAAYFPNRTINFTSHSGGDPEITRHSFNCKGEFFYCDTSGLFNSTYNSINNTFYMYNPNNESVITIQCRIKQIINMWQRVGQAMYNPPIAGNITCRSNITGLLLTRDGGQNNTNNTEIFRPEGGDMRDNWRSELYKYKVVEINPLGVAPTEAKRRVVAREKRAAGLGAVFLGFLGLAGSTMGAASVTLTVQARQLLSGIVQQQSNLLRAIEAQQHMLQLTVWGIKQLQTRVLAIERYLKDQQLLGIWGCTGKLICPTNVPWNRTWSNKTYNQIWDNLTWMEWDKEINNYTDTIYKLLEEAQDQQERNEKDLLALDSWESLWNWFSISKWLWYIKIFIMIVGGLIGLRIVFAVLSIVNRVRQGYSPLSFQTLTPNPRELDRLGRIEEEGGEQDRDRSIRLASGFLALAWDDLRNLCLFSYHRLRDFISLTARVVELLGHTSLKGLQRGWEALKYLGSLVQYWGQELKKSAISLLDTIAIAVAEGTDRILEFIQRIGRAIYHIPRRIRQGFEAALQ,Human immunodeficiency virus 1,human,1,0,Orthomyxoviridae,0,0.5
XPT06362,Lentivirus humimdef1,Retroviridae,China,Homo sapiens,MRVMGIRKNYQPCWKWGMLLLGMLMIYNVAGKNVTGNMWVTVYYGVPIWKEATTTLFCASDAKGYEREVHNVWATHACVPTDPNPQEIALVNVTENFNMWKNDMVEQMHEDVISLWDESLKPCVKLTPLCVTLNCTDVNNASTPSTTAAPTASSTGSTISSSSSTHNVTYQKGREDMRNCSFNTTTVLRDERKKEYALFYRLDLAPYYGGNPSNNSSGIYTLINCNTSTLRQACPKVSFDPIPIHYCAPAGYAILKCNETGFNGTGTCKNVTTVQCTHGIRPVVSTQLLLNGSLAREDIIISSENLTDNAKTIIVHLNESIAINCTRPGNNTRKSMRIGPGQTFYATGDIIGDIRQAHCNISKDDWNKTLQRVSKKLATYFQNGTTINFTSSSGGDLEITRHSFNCKGEFFYCDTSGLFNSTYNNINNTFSMYNPDNESVITIQCRIKQIINMWQRVGQAMYNPPIAGNITCRSNITGLLLTRDGGNGGDNTTNDTKNNTNSSNIEIFRPGGGDMRDNWRSELYKYKVVEINPLGVAPTEAKRRVVAREKRAAGLGAVFLGFLGLAGSTMGAASVTLTVQARQLLSGIVQQQSNLLRAIEAQQHMLQLTVWGIKQLQTRVLAIERYLKDQQLLGIWGCTGKLICPTTVPWNKTWSNKTYNQIWDNMTWMQWDKEINNYTDTIYKLLEEAQDQQERNEQDLLALDSWESLWNWFSISKWLWYIKIFIMIVGGLIGLRIIFAVLSIVNRVRQGYSPLSLQTLTPNPRELDRLGRIEEEGGEQDRDRSIRLASGFLALAWDDLRNLCLFSYHRLRDFISLTARVVELLGHTSLKGLQRGWEALKYLGSLVQYWGQELKKSAISLLDTIAIAVAEGTDRILEFIQRIGRAIYNIPRRIRQGFEAALQ,Human immunodeficiency virus 1,human,1,0,Orthomyxoviridae,0,0.5
XPT06371,Lentivirus humimdef1,Retroviridae,China,Homo sapiens,MRVMGIRKNYQPCWKWGMLLLGMLMIYNVAGKNVTGKMWVTVYYGVPIWKEATTTLFCASDAKGYEREVHNVWATHACVPTDPNPQEIALVNVTENFNMWKNDMVEQMHEDVISLWDESLKPCVKLTPLCVTLNCTDVKNATTPTNTTIAPNTTFQKGREDMRNCSFNTTTVLRDERKKEYALFYRLDLAPYYGGNPSNNSSEIYTLINCNTSTLRQACPKVSFDPIPIHYCAPAGYAILKCNETGFNGTGTCKNVTTVQCTHGIKPVVSTQLLLNGSLAKEDIIISSENLTNNAKTIIVHLNASVEINCTRPGNNTRKSMRIGPGQTFYATGDIIGDIRQAHCNISKDDWNKTLQRISKKLAAYFPNKTINFTKHSGGDPEITRHSFNCKGEFFYCDTSGLFNSTYHSINNTYYMYNPNNESVITIQCRIKQIINMWQRVGQAMYNPPIAGNITCISNITGLLLTRDGGESNDTKEIFRPGGGDMRDNWRSELYKYKVVEINPLGVAPTEAKRRVVAREKRAAGLGAVFLGFLGLAGSTMGAASVTLTVQARQLLSGIVQQQSNLLRAIEAQQHMLQLTVWGIKQLQTRVLAIERYLKDQQLLGIWGCTGKLICPTNVPWNKTWSNKTYNQIWDNLTWMEWDKEINNYTDTIYRLLEEAQDQQEKNEKDLLALDSWESLWNWFSISKWLWYIKIFIMIVGGLIGLRIVFAVLSIVNRVRQGYSPLSFQTLTPNPRELDRLGRIEEEGGEQDRDRSIRLASGFLALAWDDLRNLCLFSYHRLRDFISLTARVVEVLGHTSLKGLQRGWEALKYLGSLVQYWGQELKKSAISLLDTIAIAVAEGTDRILEFIQRIGRAICNIPRRIRQGFEAALQ,Human immunodeficiency virus 1,human,1,0,Orthomyxoviridae,0,0.5
XPT06380,Lentivirus humimdef1,Retroviridae,China,Homo sapiens,MRVMGTRKNYQPFWKWGMLLLGMLMIYNVAGKNVTGKMWVTVYYGVPIWKEATTTLFCASDAKGYEREVHNVWATHACVPTDPNPQEIALVNVTENFNMWKNDMVEQMHEDVISLWDESLKPCVKLTPLCVTLNCTDVKNATTPNNATSAPNVTFQKGREDMRNCSFNTTTVLRDERKKEYALFYRLDLAPYYGGNPSNKDSNNSSEIYTLINCNTSTLRQACPKVSFDPIPIHYCAPAGYAILKCNETGFNGTGTCKNVTTVQCTHGIRPVVSTQLLLNGSLAREDIIISSENLTNNAKTIIVHLNASVEINCTRPGNNTRKSMRIGPGQTFYATGDIIGDIRQAHCNISKDDWNKTLQRISKKLAAYFPNKTINFTKHSGGDPEITRHSFNCKGEFFYCDTSGLFNSTYNSINNTFSMYNPDNESVITIQCRIKQIINMWQRVGQAMYNPPIAGNITCISNITGLLLTRDGGESNDTKEIFRPGGGDMRDNWRSELYKYKVVEINPLGVAPTEAKRRVVAREKRAAGLGAVFLGFLGLAGSTMGAASVTLTVQARQLLSGIVQQQSNLLRAIEAQQHMLQLTVWGIKQLQTRVLAIERYLKDQQLLGIWGCTGKLICPTNVPWNKTWSNKTYNQIWDNLTWMEWDKEINNYTDTIYRLLEEAQDQQEKNEKDLLALDSWESLWNWFSISKWLWYIKIFIMIVGGLIGLRIVFAVLSIVNRVRQGYSPLSFQTLTPNPRELDRLGRIEEEGGEQDRDRSIRLASGFLALAWDDLRNLCLFSYHRLRDFISLTVRVVELLGHNSLKGLQRGWEALKYLGSLVQYWGQELKKSAISLLDTIAIAVAEGTDRILEFLQRLGRAICNIPRRIRQGFEAALQ,Human immunodeficiency virus 1,human,1,0,Orthomyxoviridae,0,0.5
XPT06389,Lentivirus humimdef1,Retroviridae,China,Homo sapiens,MRVMGIRKNYQPCWKWGMLLLGMLMIYNVAGKNVTEKMWVTVYYGVPIWKEATTTLFCASDAKGYEREVHNVWATHACVPTDPNPQEIALVNVTENFNMWKNDMVEQMHEDVISLWDESLKPCVKLTPLCVILNCTDVNGTSTPTTTSTPNVTYPKGRKDMQNCSFDTTTELRDKRKKEYALFYKLDIAPYYGGNSSNNSSNSSSYTLINCNTSALTQACPKVSFDPIPIHYCAPAGYAILKCNETGFNGTGTCKNVTTVQCTHGIRPVVSTQLLLNGSLAREDIIISSENLTNNAKIIIVHLNESVEINCTRPGNNTRKSMRIGPGQTFYATGDIIGDIRQAHCNISKDDWNKTLQRISKKLAAYFPNKTINFTKHSGGDPEITRHSFNCKGEFFYCDTSGLFNSTYHSTNKTFSMYNPNNESVITIQCRIKQIINMWQRVGQAMYNPPIAGNITCRSNITGLLLTRDGGNNTNNTEIFRPEGGDMRDNWRSELYKYKVVEINPLGVAPTEAKRRVVAREKRAAGLGAVFLGFLGLAGSTMGAASVTLTVQARQLLSGIVQQQSNLLRAIEAQQHMLQLTVWGIKQLQTRVLAIERYLKDQQLLGIWGCTGKLICPTNVPWNKTWSNKTYAQIWENLTWMEWDKEINNYTDTIYRLLEEAQDQQEKNEKDLLALDSWDSLWNWFSISSWLWYIKIFIMIVGGLIGLRIVFAVLSIVNRVRQGYSPLSFQTLTPNPRELDRLGRIEEEGGEQDRDRSIRLASGFLALAWDDLRNLCLFSYHRLRDFISLTARVVELLGHTSLKGLQRGWEALKYLGSLVQYWGQELKKSAISLLDTIAIAVAGGTDRILEFLQRLGRAICNIPRRIRQGFEAALQ,Human immunodeficiency virus 1,human,1,0,Orthomyxoviridae,0,0.5
XPT06398,Lentivirus humimdef1,Retroviridae,China,Homo sapiens,MRVMGIRKNYQPFWRWGMLLLGMLMIYNVAGKNVTGKMWVTVYYGVPIWKEATTTLFCASDAKGYEREVHNVWATHACVPTDPNPQEIALVNVTENFNMWKNDMVEQMHEDVISLWDESLKPCVKLTPLCVTLNCTDVNNASTPTTTSTPNVTNTTSAPNATFQKGREDMKNCSFNTTTVLRDQRKKEYALFYRLDIAPYYGGNPSNNSSEIYTLINCNTSTLRQACPKVSFDPIPIHYCAPAGYAILKCNETGFNGTGTCKNVTTVQCTHGIKPVVSTQLLLNGSLAREDIIISSENLTDNAKTIIVHLNESIQINCTRPGNNTRKSMRIGPGQTFYATGDIIGDIRQAHCNISKDDWNKTLQRVSKKLATYFQNETTIKFTSHSGGDLEITMHSFNCRGEFFYCNTSGLFNSTYHSINNTYYMYNPDNESVITIQCRIKQIINMWQRVGQAMYNPPIAGNITCRSNITGLLLTRDGGNGGQNKTNNTEVFRPEGGDMRNNWRSELYKYKVVEINPLGVAPTEAKRRVVGREKRAAGLGAVFLGFLGLAGSTMGAASVTLTVQARQLLSGIVQQQSNLLRAIEAQQHMLQLTVWGIKQLQTRVLAIERYLKDQQLLGIWGCTGKLICPTTVPWNKTWSNKTYNQIWDNLTWMQWDKEINNYTDTIYKLLEEAQDQQERNEKDLLALDSWESLWNWFSISKWLWYIKIFIMIVGGLIGLRIVFAVLSIVNRVRQGYSPLSFQTLTPNPRELDRLGRIEEEGGEQDRDRSIRLASGFLALAWDDLRNLCLFSYHRLRDFISVTARVVELLGRTSLKGLQRGWEALKYLGSLVQYWGQELKKSAISLLDTIAIAVAGGTDRILEFIQRLGRAICNIPRRIRQGFEAALQ,Human immunodeficiency virus 1,human,1,0,Orthomyxoviridae,0,0.5
XPT06405,Lentivirus humimdef1,Retroviridae,China,Homo sapiens,MRVMGIRKNYQPCWKWGMLLLGMLMIYNVAGKNVTGKMWVTVYYRVPIWKEATTTLFCASDAKGYEREVHNVWATHACVPTDPNPQEIALVNVTENFNMWKNEMVEQMHEDVISLWDESLKPCVKLTPLCVTLNCTDVNNDTTPTNAPNTTATPATSNATFQKGREDMRNCSFNTTTVLRDERKKEYALFYRLDLAPYGGNPGNNSSGIYTLINCNTSTLKQACPKVSFDPIPIHYCAPAGYAILKCNETGFNGTGTCRNVTTVQCTHGIKPVVSTQLLLNGSLAKEDIIISSENLTNNAKTIIVHLNASVQINCTRPGNNTRKSMRIGPGQTFYATGDIIGDIRQAHCNISKDDWNKTLQRISKKLAAYFPNKTINFTSHSGGDPEITRHSFNCKGEFFYCDTSGLFNSTYNSINNTFSMYNPDNESVITIQCRIKQIINMWQRVGQAMYNPPIAGNITCISNITGLLLTRDGGETNDTKEIFRPGGGDMRDNWRSKLYKYKVVEINPLGVAPTEAKRRVVAREKRAAGLGAVFLGFLGLAGSTMGAASVTLTVQARQLLSGIVQQQSNLLRAIEAQQHMLQLTVWGIKQLQTRVLAIERYLKDQQLLGIWGCTGKLICPTTVPWNINWSSKSYNEIWDNMTWMQWDKEISNHTDTIYRLLEEAQDQQERNEKDLLALDSWESLWNWFSISKWLWYIKIFIMIVGGLIGLRIVFTVLSIVNRVRQGYSPLSFQTPNPNPRELDRLGRIEEEGGEQDRDISIRLASGFLALAWDDLRNLCLFSYHRLRDFISLTARVVELLGHTSLKGLQRGWEALKYLGSLVQYWGQELKKSAISLLDTIAIAVAGGTDRILEFIQRICRAICNIPRRIRQGFEAALQ,Human immunodeficiency virus 1,human,1,0,Orthomyxoviridae,0,0.5
XPT06413,Lentivirus humimdef1,Retroviridae,China,Homo sapiens,MRVMGIRKNYQPCWKWGMLLLGMLMIYNVAGKNVTGKMWVTVYYGVPIWKEATTTLFCASDAKGYEREVHNVWATHACVPTDPNPQEIALVNVTENFNMWKNDMVEQMHEDVISLWDESLKPCVKLTPLCVTLNCTDVKNATTPTNTTIAPNATFQKGREDMRNCSFNTTTVLRDERKKEYALFYRLDLAPYYGGNPSNNSSEIYTLINCNTSTLRQACPKVSFDPIPIHYCAPAGYAILKCNETGFNGTGTCKNVTTVQCTHGIRPVVSTQLLLNGSLAREDIIISSENLTNNAKTIIVHLNESIEINCTRPGNNTRKSMRIGPGQTFYATGDIIGDIRQAHCNISKDDWNKTLQRISKKLAAYFPNKTINFTKHSGGDPEITRHSFNCKGEFFYCDTSGLFNSTYHSINKTYYMYNPNNESVITIQCRIKQIINMWQRVGQAMYNPPIAGNITCISNITGLLLTRDGGESNDTKEIFRPGGGDMRDNWRSELYKYKVVEINPLGVAPTEAKRRVVAREKRAAGLGAVFLGFLGLAGSTMGAASVTLTVQARQLLSGIVQQQSNLLKAIEAQQHMLQLTVWGIKQLQTRVLAIERYLKDQQLLGIWGCTGKLICPTTVPWNKTWSNKTYDQIWKNMTWMQWDKEINNYTDTIYKLLEEAQDQQERNEKDLLALDSWDSLWNWFSISSWLWYIKIFIMIVGGLIGLRIVFAVLSIVNRVRQGYSPLSFQTLTPNPRELDRLGRIEEEGGEQDRGRSIRLASGFLALAWDDLRNLCLFSYHRLRDFISLTARVVELLGHTSLKGLQRGWEALKYLGSLVQYWSQELKKSAISLLDTIAIAVAEGTDRILEFIQRLGRAICNIPRRIRQGFEAALQ,Human immunodeficiency virus 1,human,1,0,Orthomyxoviridae,0,0.5
XPT06422,Lentivirus humimdef1,Retroviridae,China,Homo sapiens,MRVMGIRKNYQPCWKWGMLLLGMLMIYNVAGKNVTGNMWVTVYYGVPIWKEATTTLFCASDAKGYEREVHNVWATHACVPTDPNPQEIALVNVTENFNMWKNDMVEQMHEDVISLWDESLKPCVKLTPLCVILNCTDVNGTSTSEAKGRKDMQNCSFDTTTELRDKRRKEYALFYKLDIAPYYGGNSSNNSSNSSSYTLINCNTSALTQACPKVSFDPIPIHYCAPAGYAILKCNETGFNGTGTCKNVTTVQCTHGIKPVVSTQLLLNGSLAREDIIISSENLTNNAKIIIVHLNESVEINCTRPGNNTRKSMRIGPGQTFYATGDIIGDIKQAHCNISKDDWNKTLQRVSKKLATYFQNGTTINFTSHSGGDLEITRHSFNCKGEFFYCDTSGLFNSTYNSTDGTFFMHDPSNDSVITIQCRIRQIINMWQRVGQAMYNPPIAGNITCRSNITGLLLTRDGGKRNDTNNNTEIFRPEGGDMRDNWRSELYKYKVVEINPLGVAPTEAKRRVVAREKRAAGLGAVFLGFLGLAGSTMGAASVTLTVQARQLLSGIVQQQSNLLRAIEAQQHMLQLTVWGIKQLQTRVLAIERYLKDQQLLGIWGCTGKLICPTTVPWNKTWSNKTYEQIWDNLTWMEWDKEINNYTGTIYKLLEEAQDQQERNEKDLLALDSWDSLWNWFSISKWLWYIKIFIMIVGGLIGLRIVFAVLSIVNRVRQGYSPLSFQTLTPNPRELDRLGRIDEEGGEQDRDRSIRLASGFLALAWDDLRNLCLFSYHRLRDFISLTARVVELLGHTSLKGLQRGWEALKYLGSLVQYWGQELKKSAISLLDTIAIAVAEGTDRILEFIQRLGRAICNIPRRIRQGFEAALQ,Human immunodeficiency virus 1,human,1,0,Orthomyxoviridae,0,0.5
XPT06431,Lentivirus humimdef1,Retroviridae,China,Homo sapiens,MRVKETQMNWPNLWKWGTLILGLVIMCNAADDSWVTVYYGVPVWKDADTTLFCASDAKAHETEAHNIWATHACVPTDPNPQEIPLVNVTENFNMWKNNMVEQMQEDIISLWEESLKPCVKLTPLCVTLNCTQAKLNCTNANETNANLKADGTNANLTCSMMNEVKNCSFNVTTEIKDKKQKVHAIFYVLDLVPMNNSSNVNNSSNGEYRLINCNTSVIKQACPKVSFDPIPIHYCTPAGYAILKCNDKKFNGTGPCKNVSSVQCTHGIKPVVSTQLLLNGSLAEEEIIIRSENLTNNAKTIIVHLNRSVEINCTRPSNNTRTSTRIGPGQVFYRTGDITGDIRKAFCEINGTKWNETLEQVKEKLKEHFNKTIEFKPHSGGDLEITTHHFNCRGEFFYCNTSSLFNMSNATENITLPCRIKQIINMWQGVGQAMYAPPISGIINCRSNITGILLTRDGGSENNSTETFRPGGGNIKDNWRSELYKYKVVQIEPLGVAPTRAKRRVVEREKRAVGIGAMIFGFLGAAGSTMGAASITLTVQARQLLSGIVQQQSNLLRAIEAQQHLLQLTVWGIKQLQARVLAVERYLKDQQFLGLWGCSGKVICTTAVPWNSTWSNRSVEEIWNNMTWIEWEREISNYTNQIYEILIESQNQQDKNEKDLLELDKWTSLWSWFSITNWLWYIKIFIIIVGGLIGLRIVFAVLSIVNRVRQGYSPLSFQIPTHQQREPDRPERIEEEGGEQGRDRSVRLVTGFLALAWDDLRSLCLFSYHLLRDFGLIVARTVELLGHSSLKGLRRGWEGLKYLGNLLLYWSQELKISAISLFDAIAIAVAGWTDRVIEIVQRAGRAVLHIPRRIRQGLERALQ,Human immunodeficiency virus 1,human,1,0,Orthomyxoviridae,0,0.5
XPT06440,Lentivirus humimdef1,Retroviridae,China,Homo sapiens,MKVKETQMNWPNLWKWGTLILGLVIICSAADNLWVTVYYGVPVWRDADTTLFCASDAKAHETEVHNIWATHACVPTDPNPQEIPLENVTENFNMWKNNMVEQMQEDVISLWDQSLKPCVKLTPLCVTLHCTNVSIENITDEVTNCTFNITTEIRDKKQQVHALFYRLDLVSMVNNSEYRLINCNTSVIKQACPKISFDPIPIHYCAPAGYVILKCNEKNFTGTGPCKNVSSVQCTHGIKPVVSTQLLLNGSLAEEEIIIRSENLTNNAKTIIVHLNKSVVINCTRPFNNTRTSINIGPGQVWYRTGEIKGDIRKAYCEINGAKWFEALDQVTKILEKHFNKTISFQPSSGGDLEITTHHFNCRGEFFYCNTNNLFDNKTKESNGTIILPCRIKQIINMWQGVGQAMYAPPISGKISCVSNITGILLTRDGGATNDNETFRPGGGNIKDNWRSELYKYKVVQIEPLGIAPTRAKRRVVERGKRAVGIGAMIFGFLGAAGSTMGAASITLTVQARQLLSGIVQQQSNLLRAIEAQQHLLQLTVWGIKQLQARVLAVERYLKDQKFLGLWGCSGKIICTTAVPWNSTWSNKSYAEIWENMTWIEWEREISNYTNQIYEILTESQNQQDRNEKDLLELDKWTSLWNWFDITNWLWYIKIFIMIVGGLIGLRIIFAVLSIVNRVRQGYSPLSLQIPTHQQREPDRPERIEEEGGEQGRDRSVRLVSGFLALAWDDLRSLCLFSYHLLRDFSLIAARTVELGLRRGWEGLKYLRNLLSYWSRELKISAISLLDATAIAVAGWTDRVIEVVQRAWRAILHIPRRIRQGLERALL,Human immunodeficiency virus 1,human,1,0,Orthomyxoviridae,0,0.5
XPT06452,Lentivirus humimdef1,Retroviridae,China,Homo sapiens,MKVKETQMNWPNLWKWGTLILGLVIICSASDNLWVTVYYGVPVWRDANTTLFCASDAKAHSTEVHNVWATHACVPTDPNPQEIYLENVTENFNMWKNNMAEQMQEDVINLWDQSLKPCVKLTPLCVTLYCTSKVTVNTTLTTNFTASDVPNITNEVRNCSFNVTTELRDKKHNVYALFYKLDLVPIGSNRNDSSEDGEYMLVNCNTSVIKQACPKISFDPIPIHYCTPAGYAILKCNDKKFNGTGPCKNVSSVQCTHGIKPVVSTQFLLNGSLAEEEIIIRSQNISDNAKTIIVHLNESVEINCTRPNNKVRTRMTMGPGHVFYKTGDIIGDIRSAYCQINGTKWSKVLQQVKGKLQEHFENKTIIFKPHSGGDQEIITHHFNCGGEFFYCNTSKLFSCLGNGTTNGTTNGTTQECKNITIIPCRIRQIINMWQGVGQAMYAPPIRGIINCVSNITGILLTRDGGNTTTNETFRPEGGNIKDNWRNELYKYKVVQIEPLGIAPTRARRRVVEREKRAVGIGVMIFGFLGAAGSTMGAASLTLTVQARQLLSGIVQQQSNLLRAIEAQQHLLQLTVWGIKQLQARVLAVERYLKDQQFLGLWGCSGKIICTTAVPWNSTWSNKSYDEIWNNMTWIEWEREISNYTNQIYGILTESQNQQDKNEKDLLELDKWTNLWSWFNITNWLWYIKIFIMIVGGLIGLRIIFAVLSIINRVRQGYSPLSPQTLIHRQTEPDRPERIEEGGGEQGRDRSVRLVSGFFALVWEDLRSLCLFSYHRLSDLASIATRTVKLLGHSSLKGLRLGWEILKYLGNLLVYWGQELRISAISLYDTIAVAVAGWTDRVIEVAQRAWRAILHIPRRIRQGFERALL,Human immunodeficiency virus 1,human,1,0,Orthomyxoviridae,0,0.5
XPT06460,Lentivirus humimdef1,Retroviridae,China,Homo sapiens,MKVKETQMNWPNLWKWGTLILGLVIICSASDNLWVTVYYGVPVWRDANTTLFCASDAKAHSTEVHNVWATHACVPTDPNPQEIYLENVTENFNMWKNNMAEQMQEDVISLWDQSLKPCVKLTPLCVTLNCTSNVAVNVSLTNFTASDVPNITNEVRNCSFNVTTELIDKKHKVSALFYKLDLVPIGSKSKKGNNSSEDGEYMLVNCNTSVIKQACPKISFDPIPIHYCTPAGYAILKCNDKKFNGTGPCKNVSSVQCTHGIKPVVSTQFLLNGSLAEEEIIIRSQNISDNAKTIIIHLNESVEINCTRPNNKVRTRMTMGPGHVFYKTGDIIGDIRSAYCKINGTKWSKVLQQVKGKLQEHFKNKTIIFKPHSGGDQEIITHHFNCGGEFFYCNTSKLFSCLGNGTTNGTTNGTTQECKNITIIPCRIRQIINMWQGVGQAMYAPPIRGIINCVSNITGILLTRDGGNTTTNETFRPEGGNIKDNWRNELYKYKVVQIEPLGIAPTRARRRVVEREKRAVGIGVMIFGFLGAAGSTMGAASITLTVQARQLLSGIVQQQSNLLRAIEAQQHLLQLTVWGIKQLQARVLAVERYLKDQKFLGLWGCSGKIICTTAVPWNSTWSNKSYDEIWNNMTWIEWEREISNYTNQIYGILTESQNQQDKNEKDLLELDKWTNLWSWFNITNWLWYIKIFIMIVGGLIGLRIIFAVLSIINRVRQGYSPLSPQTLIHRQTEPDRPERIEEGGGEQGRDRSVRLVSGFFALVWEDLRSLCLFSYHRLSDLISIATRTVKLLGHSSLKGLRRGWEILKYLGNLLVYWGQELRISAISLYDTTAVAVAGWTDRVIEVAQRAWRAILHIPRRIRQGFERALL,Human immunodeficiency virus 1,human,1,0,Orthomyxoviridae,0,0.5
BFY88644,Feline leukemia virus,Retroviridae,Japan,Felis catus,MEGPTHSKPSKDKTFSWDLMILVGVLLRLDVGMADPSPHQVYNVTWTITNLVTGTKANATSMLGTLTDAFPTMYFDLCDIIGNTWNPSDQEPFPGYGCDQPMRRWRQRNTPFYVCPGHANRKQCGGPQDGFCAVWGCETTGETYWRPTSSWDYITVKKGVTQGIYQCSGGGWCGPCYDKAVHSSITGASEGGRCNPLILQFTQKGRQTSWDGPKSWGLRLYRSGYDPIALFSVSRQVMTITPPQAMGPNLVLPDQKPPSRQSQIESRVTPHHSQGNGGTPGITLVNASIAPLSTPVTPASPKRIGTGNRLINLVQGTYLALNVTNPNKTKDCWLCLVSRPPYYEGIAVLGNYSNQTNPPPSCLSDPQHKLTISEVSGQGLCIGTVPKTHQALCKKTQEGHKGTHYLAAPSGTYWACNTGLTPCISMAVLNWTSDFCVLIELWPRVTYHQPEYVYTHFDKTARFRREPISLTVALMLGGLTVGGIAAGVGTGTKALLETAQFRQLQMAMHTDIQALEESISALEKSLTSLSEVVLQNRRGLDILFLQEGGLCAALKEECCFYADHTGLVRDNMAKLRERLKQRQQLFDSQQGWFEGWFNRSPWFTTLLSSIIGPLIILLLILLFGPCILNRLVQFVKDRISVVQALVLTQQYQQIKQYDPDQP,Feline leukemia virus,Cat ,0,0,Orthomyxoviridae,0,0.5
XMN40596,Morbillivirus canis,Paramyxoviridae,China,Canis lupus familiaris,MLSYQDKVGAFYKDNARANSSKLSLVTEEQGGRRPPYLLFVLLILLIGILALLAITGVRFHQVSTSNMEFSRLLKEDMEKSEAVHHQVIDVLTPLFKIIGDEIGLRLPQKLNEIKQFILQKTNFFNPNREFDFRDLHWCINPPSKIKVNFTNYCDTVGVKKSIASAANPIILSALSGTKGDIFPPYRCSGATTSVGRVFPLSVSLSMSLISRTSEIINMLTAISDGVYGKTYLLVPDYIEGEFDSQKIRVFEIGFIKRWLNDMPLLQTTNYMVLPETSKAKVCTIAVGELTLASLCVDESTVLLYHDSNGSQDGILVVTLGIFGATPMDQVEEVIPIAHPSVERIHITNHRGFIKDSIVTWMVPVLVSEKQEEQKNCLESACHRKSYPMCNQTSWEPFGGGQLPSYGRLTLPLDPSIDLQLNISFTYGPVILNGDGMDYYESPLLDSGWLTIPPKNGTVLGLINKASRGDQFTVTPHVLTFAPRESSGNCYLPIQTSQIMDKDVLTESNLVVLPTQNFRYVIATYDISRGDHAIVYYVYDPIRTISYTYPFRLTTKGRPDFLRIECFVWDDDLWCHQFYRFEANITNSTTSVENLVRMRFSCNRSKP,canine distemper virus,Dog,0,0.120263591,Paramyxoviridae,0,0.48227843
XDF39411,Avian coronavirus,Coronaviridae,China,Columba livia,MLAMFVLQMTVMCVVISVVCCQNNLTTDYYDTSLDRRPDGVYKDVGVFKVVKEGCMVSCNCVGGSGTGVRSGRFNFTNKPQSFLMYELGCYGPNSQPVQLQVITPLGTIKFNRNGSGTNPTSKIDVTSPFYNATGIPPVPLKGGCMYGYRVVTKPLMIFVDNTILYSSLEETYITNVTFSVPAGWDCFRYAASVYSEAMAEYRNGAVINATACDINDFTRLQCSLMQFNISQGMYPLTPQNMIYAHVDVLPYVQGNKSNGQTIQYINLAPNMSYSVTGPFQFNFTGVGGFQCSSFKWANGQDFTIYPSWSSLKVGTGFDYFNITTSVKYTTGVQDPVDGCQAWFRFCTCNEWGYGTCGFTARPGQRYYVCVNYKFGNKFYYLNKLATKGGSKGNNVTIELNKCYSYSIYGYNGTGIFTNASADVYRQNLGGGRLVQSVSGGVTYARVNITGYGVQIYKVTPCKTFTTNVLTFGRKVDGYFFRGVNITEKTFYTNCTVYESGTVCTNGTSRARSKRSIGSLTVQDCSNGITLGNNLCFTPNKQVLTIKKFTTNYTEYAPLVFSDAAVEIPLTLKMATTSEFIATEAERVSVNCEQFVCSGSQNCLNLLAQYGSACTNIIKSLSDMNDLEAVDVSAFYAQLPQNNVNLSSVVSQESDLHLSSIMPRTTQGRSTIEDLLFSKVTTVGLPTDDAYQKCLDGQEIRDIFCAQYYNGIMVLPPVITPGLQAGYTAGLIGAMTFGGITSAAAVPFATQIQARINHLGITQTILLENQKEIANKFNAALNYTIQGFQAIDSALTKVESFVNQQSYVVNEAFKAIGSNFGAISNAINDIYDRLDQVTANQQIDRIITGRLAALVSLVSAKQLQLLEVKQNRIRAAEKVAECVMSQSDRYGFCGNGSHIMTIPQAAPNGMLFIHVSYIPDTYVTVNATPGFCVNSSYALAPRTGAGIFFKNSDFPDSYINGFAITSRTLYQPRAIELADMVNLTTCNVTFINVTYDIIKVPVFPDFNFTEDFDKWWNETRPEFPNIDFNFTVPFLNITSELEDLRGVVDNLNQSYIDLKDLGVLTTYIKWPWYVWLAIGFAVIIFILILGWVFFMTGCCGGCCGCFGIIPLMSRCNKKSSYYTTFDDDVVGEQIRPKKSV,Pigeon coronavirus,Birds,0,0.131578947,Coronaviridae,0,0.372685401
XRO64251,Bulbul coronavirus HKU11,Coronaviridae,China,Pycnonotidae,MQRVVLISLLTHLATASVADRILDFLTFPNGHKYLYPHRGDLGQLKSRINSNYLRDTRLTSLKQGYLTEDFHIFSPLSNSTIPISGLLRSYQPLYLACYVQITNTTLSMFLEPSTTETAGCSGTKDKTHDALRLILDLNEEARASINITTTKNILYVFVCSDSQDFAMAHSSPLLKSRNAQLYCFINNTYLGPLPANLTDFTIYHTGQLYANGYYLGVLPDTVKQVRLIQSSIPSNYTFFALANLTDTLITLSNTTITNVTYCDRSTLDMLACQISKHYVDDGFYSDPQTTSLALPRTIVTLPKVAELEMVNLTIDARYSAGEASATININGNDTFCVTKPYFHINAKYTCSDCVLNLRTDTCSFDINAINNGMSFSQFCLSTKSGSCSITLLATKYWNYQIAQKLYVTAIEGQTSTGTTATSAQAIDSSTIIKNQCTDYTIYGVSGTGIITDSELELHNGIAFTSPTGELFAFKNTTTGKAFQVTPCNTPAQLVVISNQIVGAITANNISETGSFTNTIAAPTFYYSTNATNLTCTEPVLSYGPVSVCSDGAIAETSLLLDSRPSIVSLYDGEVEVPSAFTLSVQTEYLQVQSEQVVVDCARYVCNGNARCTRLLSQYTSACSNIESALHSSAQLDSREITNMFQTSSQSLTLANISNFQSDYNFTNIITSKAGGRSAIEDLLFNKVVTNGLGTVDQDYKACSKDLAIADLVCTQYYNGIMVLPGVVDAQKMAMYTASLTGAMVFGGMTAAAAIPFSTAVQARLNYVALQTNVLQENQKILAESFNSAVGNISLALSAVNDAIKQTSESLLTVATAINKIQTVVNSQGEALSHLTAQLSNNFQAISTSIQDIYNRLDEVQADQQVDRLITGRLAALNAYVTQLLNQMSQIRQSRLLAQQKINECVKSQSSRYGFCGNGTHLFSLTQSAPNGIFFMHAVLVPQQFTRVNASAGICVNGIKGYSLQPQLILYQYNNSWRVTPRNMYEPRVPRAADFIPLVDCSVTYYNATVEELPNIIPDYVDVNQTVSDIINSLPTSQTPTLSLDQYNYTILNLSQEIKDLQLRSQNLTEIAEVMETYIQNLNKTIVDLQWLNKVETYLKWPWYIWLAIFLAIAAFACIIVTIFLCTGCCGGCFGCCGGCFGLFSKKRHFSEEPTPVSFKLKEW,Bulbul coronavirus HKU11,Birds,0,0.432989691,Coronaviridae,0,0.282088679
XDO56842,Avian leukosis virus,Retroviridae,China,Gallus gallus,MEAVIKMRRVLSLQAFLTGHPGKVSKKDSKKKPPAASKKDPEKTPLLPSRGHFFFQTILVCVVIVSVVPGVGGVHLLQQPGNVWVTWANKTGQTDFCLSLQSATSPFRTCLIGIPQYPLDTFKGYVTNVTACNKTELANQTACLIQTLNTTLPWDPQELDILGSQMIKNGTTRTCVTFGSVCYKEGNSSRTCHNFDGNFNGTGGAEAELRDFIEKWKSADSLIRPYINQSWTMVSPINTESFSISSRYCGFTGNETRYYGGNQSNCCGSKGGEWSAGYSNGTGCPNNTTSCGGNCTAEWNYYAYGFTFGNKPEILWNNGTAKALPPGIFLICGDRAWQGIPRNALGGPCYLGQLTMLSPNFTTWMTYGPNITGHHRSRRSTSHLSSDCSDEVQLWSATARIFASFFAPGVAAAQALREIERLACWSVKQANLTSLVLNAMLEDMNSIRHAVLQNRAAIDFLLLAQGHGCQDVEGMCCFNLSDHSESIHKTLQAMKEHTEKIQVEDDPIGDWFKRTFGDLGGWLAKGVKTLLFALLVIVCLLAIIPCIIKCFQDCISRTMNQFMDDRIRYHRIMEQL,Avian leukosis virus,Birds,0,0.779513889,Retroviridae,0,0.168532731
XPT06063,Lentivirus humimdef1,Retroviridae,China,Homo sapiens,MRVMGIRKNWHFWRWGTLLLGMLMISSAAKDLWVTVYYGVPVWKDATTTLFCASDAKAYETEVHNIWATHACVPTDPNPQEMDLLNVTENFNMWKNEMVDQMQEDVISLWDEFLKPCVKLTPLCVTLECKNVDYNITHNETQEMKNCSFNITTELRDKKKKEYALFYRIDIVPLNSTEQNSSEYRLINCNTSAITQACPKVNFDPIPIHYCAPAGYAILLCKNKTFNGAGPCNNVSTVQCTHGIKPVVSTQLLLNGSLAEEDIIVRSENLTNNVKTIIVHLNESVEIVCTRPSNNTRRSVRIGPGQTFYATGEVIGDIRQAHCNISSNKWNATLQRVSEKLAEHYPNKTIKFTAPSGGDLEITTHSFNCRGEFFYCNTSRLFNSTYNSTSGLSYNVSISSNETITIQCKIKQIINMWQEVGRAMYAPPIEGNITCKSNITGLLLVRDGGNGNETTEIFRPGGGDMRDNWRSELYKYKVVEIKPLGIAPTEAKRRVVEREKRAVGIGALFLGFLGAAGSTMGAASLTLTVQARQLLSGIVQQQSNLLRAIEAQQHMLQLTVWGIKQLQARVLAIERYLKDQQLLGIWGCSGKLICTTTVPWNSSWSNKSYDEIWENMTWMQWDKEINNYTYTIYRLLEESQNQQEENEKDLLALDSWNSLWNWFSITRWLWYIKIFIMVVGGLIGLRIIFAVLSIVNRVRQGYSPLSLQTLIPNPREPDRPRGIEEEGGEQDRDRSIRLVSGFLALFWDDLRNLCLFSYHRLRDCILVTLRVVQLLGRRGWETLKYLKSLVQYWGQELKKSAISLLDTLAITVAEGTDRIIEIVQRFCRAIYNIPRRIRQGFEAALQ,Human immunodeficiency virus 1,human,1,0.007092199,Coronaviridae,0,0.160235226
XHJ84831,Goose astrovirus,Astroviridae,China,Anatidae,MADRAVAPREKVTKKVTKVVTVKKKHPKKKPKQKVYKPQKLPMKAERKLEKEVKGLKKRVAGPPVNDKMTTTITLGQITGNSTDTLDRKHKYFTNPLMMKNQENGQTATPLSIRASQYNLWRIRKLHIRLVPLAGSANILGSVVFLDIEQEANTAGPESIDTIKARPHLELPIGSKHLWRVQPRLMQGPRQGWWNVDPGDSPTDSLGPAINMWTYLKTVNALSTRAQSPQVPYTSALFLVEATVTYEFSNYGPKPGLSLMTSETLSASGKTATLVNTQDGALALTVSGTLQRFLDEKEQHRRVSNAQTSGVGEVFWAVSTEVVDTVASALGGWGWLLKGGWFVIRKLFGAASNSGSTYLIYSSVSDAQIDSRIFQTVPPNTPLQLAANTVKLVQLTQPNVNTTGQGTTVLSRDADYLPLPVAPLQVTPSLVYNFQGERQSTTESCSFLVFGIPQADSRSRYNANITFNVGYRGRTSTSFTLGTHNWWAVMTLSQTGVIFAPPAVGTGVCNTLATAIQHLNPELETAVLRVNTSTTSTGGQITELRNRLNIADGDYVISMGDPQGNRSALYFRNSDQKWVWLWAGDSNPGETFQSFKMPVLINWSVSDTQEQYNTRVRMVQYANAQQQTLTDLEEDDDPLSDVTSLFDPTAEDETDFHLAVSLKTSDYLKEEAEYWKAKAQALLMEKALSAPQAGAVRFEKGGHE,Goose astrovirus,Birds,0,0.978693182,Astroviridae,0,0.157999832
XKR74939,Goose astrovirus 2,Astroviridae,China,Anatidae,MADRAVAPREKVTKKVTKVVTVKKKHPKKKPKQKVSKPQKLPMKVERKLEKEVKGLKKRIAGPPVNDKMTTTITLGQITGNSTDTLDRKHKYFTNPLMMKNQENGQTATPLSIRASQYNLWRIRKLHIRLVPLAGRANILGSVVFLDIEQEANTAGPESIDTIKARPHLELPIGSKHLWRVQPRLMQGPRQGWWNVDPGDSPTDSLGPAINMWTYLKTVNALSTRAQSPQVPYTSALFLVEATVTYEFSNYGPKPGLSLMTSETLSASGKTATLVNTQDGALALTVSGTLQRFLDEKEQHRRVSNAQTSGVGEVFWAVSTEVVETVASALGGWGWLLKGGWFVIRKLFGAASNSGSTYLIYSSVSDAQIDSRIYQAVPPNTPLQLAANTVKLVQLTQPNVNTTGQGTTVLSRDADYLPLPVAPMQVTPSLVYNFQGERQSTTESCSFLVFGIPQADSRSRYNANITFNVGYRGRTSTSFTLGTHNWWAVMTLSQTGVIFAPPAVGTGVCNTLATAIQHLNPELETAVLRVNTSTTSTGGQITELRNRLNIADGDYVISMGDPQGNRSALYFRNSDQKWVWLWAGDSNPGETFQSFKMPVLINWSVSDSQDQYNNRVRMVQYANAQQQTLTDPEEDDDPLSDVTSLFDPTAEDETDFHLAVSLKTSDYLKEEAEYWKAKAQALLMEKALSAPQAGAVRFEKGGHE,Goose astrovirus 2,Birds,0,0.982954545,Astroviridae,0,0.157748028
XRL84134,Goose astrovirus 2,Astroviridae,China,Anatidae,MADRAVAPREKVTKKVTKVVTVKKKHPKKKPKQKVSKPQKLPMKAERKLEKEVKGLKKRIAGPPVNDKMTTTITLGQITGNSTDTLDRKHKYFTNPLMMKNQENGQTATPLSIRASQYNLWRIRKLHIRLVPLAGRANILGSVVFLDIEQEANTAGPESIDTIKARPHLELPIGSKHLWRVQPRLMQGPRQGWWNVDPGDSPTDSLGPAINMWTYLKTVNALSTRAQSPQVPYTSALFLVEATVTYEFSNYGPKPGLSLMTSETLSASGKTATLVNTQDGALALTVSGTLQRFLDEKEQHRRVSNAQTSGVGEVFWAVSTEVVETVASALGGWGWLLKGGWFVIRKLFGAASNSGSTYLIYSSVSDAQIDSRIYQAVPPSTPLQLAANTVKLVQLTQPNVNTTGQGTTVLSRDADYLPLPVAPMQVTPSLVYNFQGERQSTTESCSFLVFGIPQADSRSRYNANITFNVGYRGRTSTSFTLGTHNWWAVMTLSQTGVIFAPPAVGTGVCNTLATAIQHLNPELETAVLRVNTSTTSTGGQITELRNRLNIADGDYVISMGDPQGNRSALYFRNSDQKWVWLWAGDSNPGETFQSFKMPVLINWSVSDTQDQYNNRVRMVQYANAQQQTLIDPEEDDDPLSDVTSLFDPTAEDETDFHLAVSLKTSDYLKEEAEYWKAKAQALLMEKALSAPQAGTVRFEKGGHE,Goose astrovirus 2,Birds,0,0.973011364,Astroviridae,0,0.157583358
XCZ58594,Goose astrovirus,Astroviridae,China,Anatidae,MADRAVAPREKVTKKVTKVVTVKKKHPKKKPKQKVSKPQKLPMKAERKLEKEVKGLKKRIAGPPVNDKMTTTITLGQITGNSTDTLDRKHKYFTNPLMMKNQENGQTATPLSIRASQYNLWRIRKLHIRLVPLAGRANILGSVVFLDIEQEANTAGPESIDTIKARPHLELPIGSKHLWRVQPRLMQGPRQGWWNVDPGDSPTDSLGPAINMWTYLKTVNALSTRAQSPQVPYTSALFLVEATVTYEFSNYGPKPGLSLMTSETLSASGKTATLVNTQDGALALTVSGTLQRFLDEKEQHRRVSNAQTSGVGEVFWAVSTEVVETVASALGGWGWLLKGGWFVIRKLFGAASNSGSTYLIYSSVSDAQIDSRIYQAVPPSTPLQLAANTVKLVQLTQPNVNTTGQGTTVLSRDADYLPLPVAPMQDTPSLVYNFQGERQSTTESCSFLVFGIPQADSRSRYNANITFNVGYRGRTSTSFTLGTHNWWAVMTLSQTGVIFAPPAVGTGVCNTLATAIQHLNPELETAVLRVNTSTTSTGGQITELRNRLNIADGDYVISMGDPQGNRSALYFRNSDQKWVWLWAGDSNPGETFQSFKMPVLINWSVSDSQDQYNNRVRMVQYANAQQQTLTDPEEDDDPLSDVTSLFDPTAEDETDFHLAVSLKTSDYLKEEAEYWKAKAQALLMEKALSAPQAGTVRFEKGGHE,Goose astrovirus,Birds,0,0.975852273,Astroviridae,0,0.157571503
XLZ15281,Orthoavulavirus javaense,Paramyxoviridae,China,Columbidae,MDRAVSKVALENEEREAKSTWRLVFRIAVLLLTVATLAISVAALVYSMGASTPRDLVGVSTMVSKVEGKITSSISSNQDVVDRIYKQVALESPLALLNTESIIMNAITSLSHQINGATNNSRCGAPIHDPDYIGGIGKELIVDDISGVTSFYPSAYQEHLNFIPAPTTGSGCTRIPSFDMSATHYCYTHNVILSGCIDHSHSHQYLALGVLRTSATGRVFFSTLRSINLDDNQNRKSCSVSATPLGCDILCSKVTEAEEEDYKSVAPTSMVHGRLGFDGQYHEKDLDTTVLFKDWVANYPGVGSGSFIDDRVWFPVYGGLKPNSPSDTAQEGKYVIYRRYNNTCPDGQEYQIRMAKSSYKPGRFSGKRVQQAVLSIKVSTSLGEDPVLTVPPNTITLMGAEGRVLTVGTSHFLYQRGSSYFSPTLLYPMTVHNKTATLHNPYTFNAFTRPGSVPCQASARCPNPCVTGVYTDPYPLVFYRNHTLRGVFGTMLDDEQTRLNPVSAVFDNISRSRVTRVSSSSTKAAYTTSTCFKVVKTNKVYCLSIAEISNTLFGEFRIVPLLVEILKDKRV,Pigeon paramyxovirus 1,Birds,0,0.973730298,Paramyxoviridae,0,0.132167559
