Accession,Species,Family,Country,Host,Sequence,Virus,Host_agg,Plant,Coverage,Best_Family,Prediction,Prediction_Score
XCG97927,Tomato leaf curl New Delhi virus,Geminiviridae,India,Cucumis anguria,MSKRPADIIISTPASKVRRRLNFDSPYGARAVVPIARVTKAKAWTNRPMNRKPRMYRMYRSPDVPRGCEGPCKVQSFESRHDVSHIGKVMCVSDVTRGTGLTHRVGKRFCVKSVYVLGKIWMDENIKTKNHTNSVMFFLVRDRRPTGSPQDFGEVFNMFDNEPSTATVKNMHRDRYQVLRKWHATVTGGTYASREQALVRKFVRVNNYVVYNQQEAGKYENHTENALMLYMACTHASNPVYATLKIRIYFYDSVTN,Tomato leaf curl New Delhi virus,Cucurbitaceae,0,1.0,Geminiviridae,1,0.7961542486907671
XQJ33797,Tomato leaf curl New Delhi virus,Geminiviridae,China,Luffa,MAKRPADIIISTPASKVRRRLNFDSPYGARAVVPIARVTKAKAWTNRPMNRKPRMYRMYRSPDVPRGCEGPCKVQSFESRHDVSHIGKVMCVSDVTRGTGLTHRVGKRFCVKSVYVLGKIWMDENIKTKNHTNSVMFFLVRDRRPTGSPQDFGEVFNMFDNEPSTATVKNMHRDRYQVLRKWHATVTGGTYASKEQALVRKFVRVNNYVVYNQQEAGKYENHTENALMLYMACTHASNPVYATLKIRIYFYDSVTN,Tomato leaf curl New Delhi virus,Cucurbitaceae,0,1.0,Geminiviridae,1,0.7970749281766482
XDS72292,Chilli leaf curl virus,Geminiviridae,India,Melia dubia,MSKRPADIIISTPASKVRRRLNFDSPYASRAAAPTVRVTKARAWVNRPMNRKPRMYRMYRSPDVPRGCEGPCKVQSFESRHDVVHIGKVMCISDVTRGTGLTHRVGKRFCVKSVYVLGKIWMDENIKTKNHTNSVMFFLVRDRRPVDKPQDFGEVFNMFDNEPSTATVKNMHRDRYQVLRKWHATVTGGQYASKEQALVKKFVRVNNYVVYNQQEAGKYENHTENALMLYMACTHASNPVYATLKIRIYFYDSVSN,Chilli leaf curl virus,Meliaceae,0,1.0,Geminiviridae,1,0.7927195651759802
XDS72298,Chilli leaf curl virus,Geminiviridae,India,Melia dubia,MSKRPADIIISTPASKVRRRLNFDSPYASRAAAPTVRVTKARAWVNRPMNRKPRMYRMYRSPDVPRGCEGPCKVQSFESRHDVVHIGKVMCISDVTRGTGLTHRVGKRFCVKSVYVLGKIWMDENIKTKNHTNSVMFFLVRDRRPVDKPQDFGEVFNMFDNEPSTATVKNMHRDRYQVLRKWHATVTGGQYASKEQALVKKFVRVNNHVVYNQQEAGKYENHTENALMLYMACTHASNPVYATLKIRIYFYDSVSN,Chilli leaf curl virus,Meliaceae,0,1.0,Geminiviridae,1,0.790825974277327
XSG40421,Tomato yellow leaf curl virus,Geminiviridae,China,Passiflora edulis,MSKRPGDIIISTPVSKVRRRLNFDSPYSSRAAVPIVQGTNKRRSWTYRPMYRKPRIYRMYRSPDVPRGCEGPCKVQSYEQRDDIKHTGIVRCVSDVTRXSGITHRVGKRFCVKSIYFLGKVWMDENIKKQNHTNQVMFFLVRDRRPYGNSPMDFGQVFNMFDNEPSTATVKNDLRDRFQVMRKFHATVIIGGPSGMKEQALVKRFFRINSHVTYNHQEAAKYENHTENALLLYMACTHASLIQVYATMKIRIYFYDSISN,Tomato yellow leaf curl virus,Passifloraceae,0,0.9653846153846154,Geminiviridae,1,0.7304010304507093
XQJ33804,Tomato leaf curl New Delhi virus,Geminiviridae,China,Solanum lycopersicum,MSKRPADIIISTPASKVRRRLNFDSPYGARAVVPIARVTKTKAWTNRPMNRKPRMYRMYRSPDVPRGCEGPCKVQSFESRHDVSHIGKVMCVSDVTRGTGLTHRVGKRFCVKSVYVLGKIWMDENIKTKNHTNSVMFFLVRDRRPTGSPQDFGEVFNMFDNEPSTATVKNMHRDRYQVLRKWHATVTGGTYASKEQALVRKFVRVNNYVVYNQQEAGKYENHTENALMLYMACTHASNPVYATLKIRIYFYDSVTN,Tomato leaf curl New Delhi virus,Solanaceae,0,1.0,Geminiviridae,1,0.789616148758479
XLV31139,Tomato yellow leaf curl virus,Geminiviridae,Fiji,Solanum lycopersicum,MSKRPGDIIISTPVSKVRRRLNFDSPYSSRAAVPIVQGTNKRRSWTYRPMYRKPRIYRMYRSPDVPRGCEGPCKVQSYEQRDDIKHTGIVRCVSDVTRGSGITHRVGKRFCVKSIYFLGKVWMDENIKKQNHTNQVMFFLVRDRRPYGNSPMDFGQVFNMFDNEPSTATVKNDLRDRFQVMRKFHATVIGGPSGMKEQALVKRFFRINSHVTYNHQEAAKYENHTENALLLYMACTHASNPVYATMKIRIYFYDSISN,Tomato yellow leaf curl virus,Solanaceae,0,1.0,Geminiviridae,1,0.7335902004127707
XLV31343,Tomato yellow leaf curl virus,Geminiviridae,China,Solanum lycopersicum,MSKRPGDIIISTPASKVRRRLNFDSPYSTRAAVPIVQGTNKRRSWTYRPIYRKPRIYRMYRSPDVPRGCEGPCKVQSYEQRDDIKHTGIVRCVSDVTRGSGITHRVGKRFCVKSIYFLGKVWMDENIKKQNHTNQVMFFLVRDRRPYGNSPMDFGQVFNMFDNEPSTATVKNDLRDRFQVMRKFHATVIGGPSGMKEQALVKRFFRINSHVTYNHQEAAKYENHTENALLLYMACTHASNPVYATMKIRIYFYDSISN,Tomato yellow leaf curl virus,Solanaceae,0,1.0,Geminiviridae,1,0.7132756995329507
WRY74326,Peanut stunt virus,Bromoviridae,China,Arachis hypogaea,MASSGSGSGSRRPRRGRRNSSAKVDAHARELRALTAQVNRLVAITAAQVPSLDHPTFVSSKKCRPGYTYTSLDVKPAKTEKGQSFGKRLSLPAPVSEFPKKKISCIQLRLNPSPKFDSTIWVSLRRLPKDYSLSSESVFKLFTDGNAAVLIYQHVSTGIQPRNKITFDLASVGAEIGDLGEYAVIVYSKDDVLEADEMVIHVDVEHQRIPSATALPV,Peanut stunt virus,Fabaceae,1,0.25806451612903225,Bromoviridae,1,0.7227854591251912
XTB77111,Beet yellows virus,Closteroviridae,Ireland,Beta vulgaris,MGSAEPISAIATFENVSLADQTCLHGEDCDKLRKNFEECLKLKGVPEDKLGLALGLCLYSCATIGTSNKVSVQPTSTFIKASFGGGKELFLTHGELRSFLDSQKLLEGKPNKLRCFCRTFQKDYISFAKEYRGRLPPIARANRHGLPAEDHYLAADFISTSTELTDLQQGRLLLARENATHTEFSSESPXTSLKQLGRGLATGR,Beet yellows virus,Amaranthaceae,1,0.029411764705882353,Geminiviridae,0,0.23874343244983656
