Accession,Species,Family,Country,Host,Sequence,Virus,Host_agg,Plant,Coverage,Best_Family,Prediction,Prediction_Score
XCG97927,Tomato leaf curl New Delhi virus,Geminiviridae,India,Cucumis anguria,MSKRPADIIISTPASKVRRRLNFDSPYGARAVVPIARVTKAKAWTNRPMNRKPRMYRMYRSPDVPRGCEGPCKVQSFESRHDVSHIGKVMCVSDVTRGTGLTHRVGKRFCVKSVYVLGKIWMDENIKTKNHTNSVMFFLVRDRRPTGSPQDFGEVFNMFDNEPSTATVKNMHRDRYQVLRKWHATVTGGTYASREQALVRKFVRVNNYVVYNQQEAGKYENHTENALMLYMACTHASNPVYATLKIRIYFYDSVTN,Tomato leaf curl New Delhi virus,Cucurbitaceae,0,1,Geminiviridae,1,0.693637241
XQJ33797,Tomato leaf curl New Delhi virus,Geminiviridae,China,Luffa,MAKRPADIIISTPASKVRRRLNFDSPYGARAVVPIARVTKAKAWTNRPMNRKPRMYRMYRSPDVPRGCEGPCKVQSFESRHDVSHIGKVMCVSDVTRGTGLTHRVGKRFCVKSVYVLGKIWMDENIKTKNHTNSVMFFLVRDRRPTGSPQDFGEVFNMFDNEPSTATVKNMHRDRYQVLRKWHATVTGGTYASKEQALVRKFVRVNNYVVYNQQEAGKYENHTENALMLYMACTHASNPVYATLKIRIYFYDSVTN,Tomato leaf curl New Delhi virus,Cucurbitaceae,0,1,Geminiviridae,1,0.695334305
XDS72292,Chilli leaf curl virus,Geminiviridae,India,Melia dubia,MSKRPADIIISTPASKVRRRLNFDSPYASRAAAPTVRVTKARAWVNRPMNRKPRMYRMYRSPDVPRGCEGPCKVQSFESRHDVVHIGKVMCISDVTRGTGLTHRVGKRFCVKSVYVLGKIWMDENIKTKNHTNSVMFFLVRDRRPVDKPQDFGEVFNMFDNEPSTATVKNMHRDRYQVLRKWHATVTGGQYASKEQALVKKFVRVNNYVVYNQQEAGKYENHTENALMLYMACTHASNPVYATLKIRIYFYDSVSN,Chilli leaf curl virus,Meliaceae,0,1,Geminiviridae,1,0.696597955
XDS72298,Chilli leaf curl virus,Geminiviridae,India,Melia dubia,MSKRPADIIISTPASKVRRRLNFDSPYASRAAAPTVRVTKARAWVNRPMNRKPRMYRMYRSPDVPRGCEGPCKVQSFESRHDVVHIGKVMCISDVTRGTGLTHRVGKRFCVKSVYVLGKIWMDENIKTKNHTNSVMFFLVRDRRPVDKPQDFGEVFNMFDNEPSTATVKNMHRDRYQVLRKWHATVTGGQYASKEQALVKKFVRVNNHVVYNQQEAGKYENHTENALMLYMACTHASNPVYATLKIRIYFYDSVSN,Chilli leaf curl virus,Meliaceae,0,1,Geminiviridae,1,0.694720885
XSG40421,Tomato yellow leaf curl virus,Geminiviridae,China,Passiflora edulis,MSKRPGDIIISTPVSKVRRRLNFDSPYSSRAAVPIVQGTNKRRSWTYRPMYRKPRIYRMYRSPDVPRGCEGPCKVQSYEQRDDIKHTGIVRCVSDVTRXSGITHRVGKRFCVKSIYFLGKVWMDENIKKQNHTNQVMFFLVRDRRPYGNSPMDFGQVFNMFDNEPSTATVKNDLRDRFQVMRKFHATVIIGGPSGMKEQALVKRFFRINSHVTYNHQEAAKYENHTENALLLYMACTHASLIQVYATMKIRIYFYDSISN,Tomato yellow leaf curl virus,Passifloraceae,0,0.965384615,Geminiviridae,1,0.631719496
XQJ33804,Tomato leaf curl New Delhi virus,Geminiviridae,China,Solanum lycopersicum,MSKRPADIIISTPASKVRRRLNFDSPYGARAVVPIARVTKTKAWTNRPMNRKPRMYRMYRSPDVPRGCEGPCKVQSFESRHDVSHIGKVMCVSDVTRGTGLTHRVGKRFCVKSVYVLGKIWMDENIKTKNHTNSVMFFLVRDRRPTGSPQDFGEVFNMFDNEPSTATVKNMHRDRYQVLRKWHATVTGGTYASKEQALVRKFVRVNNYVVYNQQEAGKYENHTENALMLYMACTHASNPVYATLKIRIYFYDSVTN,Tomato leaf curl New Delhi virus,Solanaceae,0,1,Geminiviridae,1,0.691178254
XLV31139,Tomato yellow leaf curl virus,Geminiviridae,Fiji,Solanum lycopersicum,MSKRPGDIIISTPVSKVRRRLNFDSPYSSRAAVPIVQGTNKRRSWTYRPMYRKPRIYRMYRSPDVPRGCEGPCKVQSYEQRDDIKHTGIVRCVSDVTRGSGITHRVGKRFCVKSIYFLGKVWMDENIKKQNHTNQVMFFLVRDRRPYGNSPMDFGQVFNMFDNEPSTATVKNDLRDRFQVMRKFHATVIGGPSGMKEQALVKRFFRINSHVTYNHQEAAKYENHTENALLLYMACTHASNPVYATMKIRIYFYDSISN,Tomato yellow leaf curl virus,Solanaceae,0,1,Geminiviridae,1,0.633645255
XLV31343,Tomato yellow leaf curl virus,Geminiviridae,China,Solanum lycopersicum,MSKRPGDIIISTPASKVRRRLNFDSPYSTRAAVPIVQGTNKRRSWTYRPIYRKPRIYRMYRSPDVPRGCEGPCKVQSYEQRDDIKHTGIVRCVSDVTRGSGITHRVGKRFCVKSIYFLGKVWMDENIKKQNHTNQVMFFLVRDRRPYGNSPMDFGQVFNMFDNEPSTATVKNDLRDRFQVMRKFHATVIGGPSGMKEQALVKRFFRINSHVTYNHQEAAKYENHTENALLLYMACTHASNPVYATMKIRIYFYDSISN,Tomato yellow leaf curl virus,Solanaceae,0,1,Geminiviridae,1,0.619587648
WRY74326,Peanut stunt virus,Bromoviridae,China,Arachis hypogaea,MASSGSGSGSRRPRRGRRNSSAKVDAHARELRALTAQVNRLVAITAAQVPSLDHPTFVSSKKCRPGYTYTSLDVKPAKTEKGQSFGKRLSLPAPVSEFPKKKISCIQLRLNPSPKFDSTIWVSLRRLPKDYSLSSESVFKLFTDGNAAVLIYQHVSTGIQPRNKITFDLASVGAEIGDLGEYAVIVYSKDDVLEADEMVIHVDVEHQRIPSATALPV,Peanut stunt virus,Fabaceae,1,0.30875576,Bromoviridae,1,0.595762902
XTB77111,Beet yellows virus,Closteroviridae,Ireland,Beta vulgaris,MGSAEPISAIATFENVSLADQTCLHGEDCDKLRKNFEECLKLKGVPEDKLGLALGLCLYSCATIGTSNKVSVQPTSTFIKASFGGGKELFLTHGELRSFLDSQKLLEGKPNKLRCFCRTFQKDYISFAKEYRGRLPPIARANRHGLPAEDHYLAADFISTSTELTDLQQGRLLLARENATHTEFSSESPXTSLKQLGRGLATGR,Beet yellows virus,Amaranthaceae,1,0.029411765,Geminiviridae,0,0.349975866
